barcode_a,barcode_b,doc2vec_distance,reissue
Z157583008,Z164752105,5.618596076965332,reissue
Z182900000,Z18244920X,8.020705223083496,
Z168353709,Z168353801,8.47175407409668,reissue
Z256471804,Z224214403,11.101641654968262,
Z175034204,Z168091302,13.025240898132324,reissue
Z168091302,Z184140306,14.23271656036377,reissue
Z175034204,Z184140306,14.728354454040527,reissue
Z159588009,Z168091302,16.10808753967285,reissue
Z159588009,Z175034204,17.412607192993164,reissue
Z256471804,Z164752105,18.86516571044922,
Z164752105,Z156265702,19.18262481689453,
Z157583008,Z156265702,19.692768096923828,
Z256471804,Z157583008,20.313804626464844,
Z159588009,Z184140306,21.258243560791016,reissue
Z170807203,Z164752105,21.288602828979492,
Z169010905,Z164752105,21.747364044189453,
Z170807203,Z157583008,21.854402542114258,
Z170807203,Z256471804,22.0939998626709,
Z224214403,Z164752105,23.16112518310547,
Z169010905,Z156265702,23.512271881103516,
Z157583008,Z169010905,23.674575805664062,
Z157583008,Z224214403,24.089664459228516,
Z157598504,Z169010905,24.184661865234375,
Z157598504,Z164752105,24.82109260559082,
Z184400900,Z177009407,24.95602035522461,
Z157598504,Z157583008,25.069923400878906,
Z170807203,Z170807409,25.421283721923828,reissue
Z157598504,Z156265702,25.917118072509766,
Z256471804,Z169010905,26.43259620666504,
Z170807203,Z224214403,26.570655822753906,reissue
Z157598504,Z15657730X,26.670305252075195,
Z256471804,Z156265702,27.81148338317871,
Z170807409,Z157583008,28.775697708129883,
Z170807203,Z169010905,29.270904541015625,
Z156577207,Z15657730X,29.52060317993164,reissue
Z169010905,Z224214403,29.582584381103516,
Z170807409,Z164752105,29.61428451538086,
Z224214403,Z156265702,29.95316505432129,
Z35076705,Z169010905,30.058883666992188,
Z204534306,Z182900000,30.15009117126465,
Z170807203,Z156265702,30.622941970825195,
Z204534306,Z18244920X,30.86395263671875,
Z157583008,Z15657730X,30.900590896606445,
Z204534306,Z224214403,30.941953659057617,reissue
Z15657730X,Z156265702,31.012083053588867,
Z15657730X,Z164752105,31.661245346069336,
Z256471804,Z157598504,32.15210723876953,
Z256471804,Z204534306,33.127952575683594,
Z157598504,Z35076705,33.76539611816406,
Z15657730X,Z169010905,34.017581939697266,
Z256472808,Z224214403,34.25996780395508,
Z256471804,Z256472808,34.43442153930664,
Z157598504,Z224214403,34.46808624267578,reissue
Z170807203,Z157598504,34.58290481567383,reissue
Z170807409,Z156265702,34.84008026123047,
Z157583008,Z182900000,35.03874206542969,
Z182900000,Z156265702,35.318450927734375,
Z182900000,Z164752105,35.875553131103516,
Z18244920X,Z156265702,35.895057678222656,
Z256471804,Z170807409,35.89748764038086,
Z204534306,Z157583008,36.494380950927734,
Z35076705,Z15657730X,36.91413116455078,
Z204534306,Z164752105,36.93095016479492,
Z157583008,Z18244920X,37.06918716430664,
Z256471804,Z156577207,37.401031494140625,
Z15657730X,Z182900000,37.564815521240234,
Z170807409,Z224214403,37.679527282714844,reissue
Z156577207,Z164752105,37.71661376953125,
Z164752105,Z18244920X,37.75091552734375,
Z156577207,Z157583008,37.907344818115234,
Z204534306,Z156265702,38.1008415222168,
Z256471804,Z15657730X,38.565155029296875,
Z170807203,Z256472808,38.616580963134766,
Z15657730X,Z18244920X,38.743812561035156,
Z156577207,Z224214403,39.30257034301758,
Z170807409,Z169010905,39.32476806640625,
Z157598504,Z182900000,39.4565544128418,
Z35076705,Z156265702,39.77549362182617,
Z35076705,Z164752105,40.096675872802734,
Z169010905,Z182900000,40.26632308959961,
Z204534306,Z156577207,40.437965393066406,
Z157598504,Z18244920X,40.61104202270508,
Z35076705,Z157583008,40.83026123046875,
Z156577207,Z169010905,40.92118453979492,
Z15657730X,Z224214403,41.128292083740234,
Z182900000,Z224214403,41.13849639892578,
Z157598504,Z156577207,41.232704162597656,
Z256471804,Z182900000,41.54136657714844,
Z204534306,Z169010905,41.7006721496582,
Z169010905,Z18244920X,42.14302062988281,
Z204534306,Z15657730X,42.261497497558594,
Z157598504,Z170807409,42.32715606689453,reissue
Z156577207,Z156265702,42.64645767211914,
Z158700100,Z182900000,42.651546478271484,
Z256471804,Z35076705,42.665714263916016,
Z157598504,Z204534306,43.091285705566406,reissue
Z224214403,Z18244920X,43.22079086303711,
Z170807203,Z15657730X,43.306514739990234,
Z158700100,Z18244920X,43.790531158447266,
Z256471804,Z18244920X,43.99678039550781,
Z256472808,Z164752105,44.582462310791016,
Z170807203,Z204534306,45.08953857421875,reissue
Z35076705,Z224214403,45.18273162841797,
Z170807203,Z156577207,45.624393463134766,
Z35076705,Z156577207,45.65788269042969,
Z157583008,Z256472808,45.68186950683594,
Z170807409,Z157711400,46.60288619995117,reissue
Z156577207,Z182900000,46.68062973022461,
Z169010905,Z256472808,46.95660400390625,
Z256472808,Z168353801,46.97726058959961,
Z224270704,Z224214403,46.99469757080078,reissue
Z256472808,Z168353709,47.048072814941406,
Z170807203,Z35076705,47.17802429199219,
Z170807409,Z256472808,47.222999572753906,
Z170807203,Z182900000,47.40574645996094,
Z204534306,Z224270704,48.243988037109375,reissue
Z156577207,Z256472808,48.32368087768555,
Z256471804,Z224270704,48.32373809814453,
Z158700100,Z157583008,48.470855712890625,
Z156577207,Z18244920X,48.479801177978516,
Z170807203,Z185142104,48.571189880371094,
Z156577207,Z184929303,48.92805480957031,
Z204534306,Z256472808,49.22462463378906,
Z170807203,Z157711400,49.375640869140625,reissue
Z157598504,Z256472808,49.54142379760742,
Z156577207,Z224270704,49.70128631591797,
Z170807203,Z18244920X,49.770896911621094,
Z185142104,Z170807409,49.98796844482422,
Z224270704,Z256472808,50.129520416259766,
Z158700100,Z15657730X,50.225914001464844,
Z170807409,Z15657730X,50.35884094238281,
Z35076705,Z182900000,50.3928337097168,
Z158700100,Z164752105,50.44567108154297,
Z170807409,Z182900000,50.509979248046875,
Z168353709,Z224214403,50.56964111328125,
Z168353801,Z224214403,50.5731201171875,
Z256472808,Z156265702,50.62150955200195,
Z163300909,Z185142207,50.641754150390625,reissue
Z204534306,Z35076705,50.65385055541992,
Z157583008,Z224270704,50.714942932128906,
Z159588009,Z157583008,50.82680892944336,
Z168091405,Z156265702,51.1853141784668,
Z159579604,Z159579501,51.3277473449707,
Z170807409,Z18244920X,51.3414306640625,
Z204534306,Z170807409,51.49245071411133,reissue
Z159588009,Z164752105,51.51283264160156,
Z185142207,Z165780108,51.78361511230469,reissue
Z256471804,Z168353709,51.82886505126953,
Z224270704,Z164752105,51.882957458496094,
Z168354106,Z256472808,52.24007797241211,
Z256471804,Z168353801,52.24553680419922,
Z35076705,Z18244920X,52.251888275146484,
Z158700100,Z156577207,52.36543655395508,
Z185912505,Z35076705,52.70626449584961,
Z157583008,Z168091302,52.72625732421875,
Z224270704,Z156265702,52.74251937866211,
Z175034204,Z157583008,53.08787155151367,
Z170807203,Z185143704,53.09638214111328,
Z157598504,Z159588009,53.152523040771484,
Z158700100,Z156265702,53.20576858520508,
Z158700100,Z204534306,53.323856353759766,reissue
Z159588009,Z15657730X,53.32433319091797,
Z168091302,Z164752105,53.4095573425293,
Z15657730X,Z224270704,53.454124450683594,
Z253367704,Z224270704,53.78004837036133,
Z256472808,Z164172903,53.92461395263672,
Z175034204,Z164752105,54.027732849121094,
Z157583008,Z184140306,54.05840301513672,
Z157598504,Z168091302,54.11441421508789,
Z170807203,Z168353801,54.28181076049805,
Z170807203,Z168353709,54.31357955932617,
Z204534306,Z184929303,54.33219909667969,reissue
Z170807409,Z18515720X,54.39091491699219,
Z170807203,Z224270704,54.42698287963867,reissue
Z157583008,Z157711400,54.449424743652344,
Z157598504,Z175034204,54.48659896850586,
Z18515720X,Z168354106,54.501583099365234,reissue
Z170807409,Z156577207,54.5123291015625,
Z170807203,Z182822001,54.54024887084961,
Z157598504,Z184140306,54.6610107421875,
Z170807409,Z168353801,54.69206237792969,
Z175034204,Z15657730X,54.709747314453125,
Z15657730X,Z256472808,54.721614837646484,
Z159579604,Z156265702,54.7723503112793,
Z15657730X,Z168091302,54.797828674316406,
Z164752105,Z184140306,54.80428695678711,
Z158700100,Z157598504,54.92300033569336,reissue
Z185142104,Z169010905,54.94487762451172,
Z256471804,Z185142104,55.02030944824219,
Z185142104,Z224214403,55.0516471862793,
Z159579604,Z169010905,55.11906433105469,
Z224270704,Z168353709,55.14090347290039,
Z224270704,Z168353801,55.29581069946289,
Z170807409,Z168353709,55.33012008666992,
Z159579501,Z156265702,55.389835357666016,
Z170807409,Z35076705,55.52623748779297,
Z157711400,Z164752105,55.53031539916992,
Z224214403,Z164172903,55.538997650146484,
Z169010905,Z168096506,55.56333541870117,
Z158700100,Z169010905,55.589900970458984,
Z256471804,Z158700100,55.758907318115234,
Z170807409,Z185143704,55.83972930908203,
Z170807409,Z224270704,55.93244934082031,reissue
Z168354106,Z224214403,56.05237579345703,
Z185142104,Z164752105,56.059906005859375,
Z15657730X,Z184140306,56.119564056396484,
Z165709803,Z157583008,56.152442932128906,
Z204534306,Z168353801,56.20902633666992,
Z178362103,Z157711400,56.21394729614258,
Z224270704,Z168354106,56.27959442138672,
Z159579501,Z35076705,56.308349609375,
Z170807203,Z159588009,56.317134857177734,
Z157598504,Z224270704,56.362586975097656,reissue
Z158700100,Z224214403,56.39570999145508,reissue
Z170807409,Z182822001,56.4228630065918,
Z159588009,Z169010905,56.449798583984375,
Z204534306,Z168353709,56.51487731933594,
Z159579501,Z169010905,56.58173370361328,
Z256471804,Z164172903,56.5845832824707,
Z176245508,Z156265702,56.60739517211914,
Z256471804,Z159588009,56.623287200927734,
Z159588009,Z156265702,56.75674819946289,
Z185142104,Z157583008,56.81108093261719,
Z185142104,Z156265702,56.92265701293945,
Z180628606,Z157598504,56.968875885009766,
Z168353709,Z157711400,57.109371185302734,
Z180631800,Z169010905,57.127952575683594,
Z157598504,Z159579604,57.15568923950195,
Z185912505,Z169010905,57.19621658325195,
Z169010905,Z186388101,57.27653884887695,
Z168353801,Z157711400,57.283447265625,
Z169010905,Z165780108,57.341064453125,
Z170807203,Z168091302,57.35834884643555,
Z185142001,Z170807409,57.404762268066406,
Z157583008,Z168091405,57.41009521484375,
Z167120501,Z156265702,57.421775817871094,
Z35076705,Z256472808,57.53346252441406,
Z178362103,Z170807409,57.57383346557617,
Z170807409,Z185158008,57.57863998413086,
Z35076705,Z186388101,57.58725357055664,
Z170807409,Z176245508,57.65998458862305,
Z165709803,Z164752105,57.70281219482422,
Z170807409,Z18514390X,57.837120056152344,
Z157583008,Z168353709,57.85231399536133,
Z168091302,Z156265702,57.88888168334961,
Z159579604,Z15657730X,57.914642333984375,
Z185142104,Z256472808,57.91471862792969,
Z256471804,Z157711400,57.92479705810547,
Z184400900,Z169010905,58.06801986694336,
Z170807409,Z159588009,58.110191345214844,
Z157583008,Z168353801,58.138912200927734,
Z159579501,Z15657730X,58.18874740600586,
Z168091405,Z18244920X,58.24131393432617,
Z170807409,Z167120604,58.26103210449219,reissue
Z157598504,Z157711400,58.32151412963867,reissue
Z185912505,Z156265702,58.369415283203125,
Z165709803,Z170807409,58.379703521728516,
Z170807203,Z185142207,58.3831901550293,
Z182900000,Z168091405,58.38862228393555,
Z185157909,Z156265702,58.39237976074219,
Z168353709,Z164752105,58.43251419067383,
Z256471804,Z168091302,58.44220733642578,
Z169010905,Z168091302,58.44642639160156,
Z175034204,Z156265702,58.56889724731445,
Z182822001,Z256472808,58.56913757324219,
Z170807203,Z18515720X,58.652347564697266,
Z224270704,Z169010905,58.655372619628906,
Z170807203,Z175034204,58.664852142333984,
Z170807203,Z185158008,58.6739616394043,
Z182900000,Z256472808,58.67431640625,
Z168353801,Z164752105,58.72954177856445,
Z253367704,Z224214403,58.735992431640625,
Z169010905,Z177009407,58.74624252319336,
Z170807409,Z168091302,58.82113265991211,
Z159579604,Z35076705,58.85669708251953,
Z175034204,Z169010905,58.870574951171875,
Z170807203,Z178362103,58.89299011230469,
Z159579501,Z157583008,58.930213928222656,
Z168091405,Z164752105,58.93488311767578,
Z185912505,Z157598504,58.97677230834961,
Z159579604,Z164752105,58.978492736816406,
Z157598504,Z159579501,58.984283447265625,
Z15657730X,Z168091405,58.9865837097168,
Z157598504,Z165780108,58.986724853515625,
Z163300909,Z224214403,59.00135803222656,
Z25647300X,Z224214403,59.00511169433594,
Z167120501,Z164752105,59.01216125488281,
Z163300909,Z256472808,59.036529541015625,
Z159588009,Z156577207,59.05414581298828,
Z224270704,Z182900000,59.063995361328125,
Z165709803,Z157598504,59.06856155395508,
Z159579604,Z157583008,59.14873123168945,
Z256471804,Z175034204,59.157142639160156,
Z157583008,Z18515720X,59.168312072753906,
Z159588009,Z224214403,59.224876403808594,
Z170807203,Z184140306,59.30683517456055,
Z224270704,Z18244920X,59.33522415161133,
Z157598504,Z168091405,59.36594772338867,
Z170807409,Z185157909,59.38578796386719,
Z159579501,Z164752105,59.41938400268555,
Z197267901,Z169010905,59.422080993652344,
Z185142207,Z169010905,59.462890625,
Z185142001,Z185142104,59.479976654052734,
Z170807203,Z158700100,59.57686996459961,reissue
Z184140306,Z156265702,59.594173431396484,
Z170807203,Z180631800,59.60283660888672,
Z157598504,Z184400900,59.64766311645508,
Z256471804,Z25647300X,59.809898376464844,
Z159588009,Z182900000,59.81145477294922,
Z167120501,Z204534306,59.873085021972656,reissue
Z170807409,Z175034204,59.94540786743164,
Z167120501,Z157583008,59.94834518432617,
Z157598504,Z186388101,59.978309631347656,
Z256471804,Z184400900,60.01527404785156,
Z197267901,Z156265702,60.02137756347656,
Z168096506,Z164752105,60.02471923828125,
Z170807203,Z185157107,60.02767562866211,
Z169010905,Z168091405,60.06703567504883,
Z170807409,Z184140306,60.07706069946289,
Z170807203,Z180628606,60.083282470703125,
Z185157909,Z185158008,60.16783142089844,reissue
Z256471804,Z184140306,60.17613220214844,
Z156577207,Z176246604,60.190555572509766,
Z169010905,Z184140306,60.27632141113281,
Z256471804,Z168354106,60.280601501464844,
Z256471804,Z177009407,60.31867599487305,
Z167120604,Z156265702,60.38312911987305,
Z170807409,Z185157107,60.43144989013672,
Z170807203,Z158160208,60.4494743347168,
Z157598504,Z185142104,60.457000732421875,
Z256471804,Z159579501,60.46720886230469,
Z177009407,Z156265702,60.507572174072266,
Z170807203,Z167120604,60.51356887817383,reissue
Z256472808,Z18244920X,60.54898452758789,
Z163300909,Z256471804,60.576202392578125,
Z184400900,Z156265702,60.590850830078125,
Z256471804,Z159579604,60.64353942871094,
Z167120501,Z169010905,60.68084716796875,
Z204534306,Z168091405,60.70170211791992,
Z157598504,Z168096506,60.70556640625,
Z18515720X,Z164752105,60.7214469909668,
Z157711400,Z156265702,60.75867462158203,
Z167120604,Z169010905,60.76221466064453,
Z168091302,Z224214403,60.77688217163086,
Z157583008,Z176245508,60.782257080078125,
Z167120604,Z164752105,60.81827163696289,
Z167120501,Z18244920X,60.849308013916016,
Z182900000,Z168091302,60.86124801635742,
Z165709803,Z156265702,60.88643264770508,
Z180628606,Z169010905,60.92845916748047,
Z184400900,Z157583008,60.92951202392578,
Z180631800,Z157583008,60.96432876586914,
Z158700100,Z170807409,60.9661865234375,reissue
Z169010905,Z157711400,60.989261627197266,
Z170807203,Z18514390X,60.992919921875,
Z170807409,Z180631800,60.994483947753906,
Z175034204,Z182900000,61.01083755493164,
Z253367704,Z256472808,61.03556442260742,
Z157583008,Z168096506,61.0475959777832,
Z15657730X,Z186388101,61.0604133605957,
Z180631800,Z164752105,61.07943344116211,
Z170807203,Z168091405,61.079769134521484,
Z175034204,Z156577207,61.08102035522461,
Z165709803,Z170807203,61.09273910522461,
Z157598504,Z18515720X,61.11614227294922,
Z180628606,Z157583008,61.11711883544922,
Z157598504,Z176245508,61.152809143066406,
Z157598504,Z177009407,61.15676498413086,
Z204534306,Z253367704,61.17497253417969,
Z157583008,Z177009407,61.1750602722168,
Z180631800,Z35076705,61.17860794067383,
Z170807203,Z165780108,61.194766998291016,
Z170807203,Z177009407,61.218910217285156,
Z176245508,Z164752105,61.224971771240234,
Z164752105,Z165780108,61.23683166503906,
Z159588009,Z18244920X,61.25508117675781,
Z167120501,Z170807409,61.263221740722656,reissue
Z157583008,Z185143704,61.26969528198242,
Z180628606,Z156265702,61.2747802734375,
Z159579501,Z224214403,61.28278732299805,
Z159588009,Z224270704,61.33409881591797,
Z256471804,Z186388101,61.341064453125,
Z170807203,Z185157909,61.35773468017578,
Z156577207,Z168091302,61.41371154785156,
Z157711400,Z224214403,61.418209075927734,reissue
Z175034204,Z224214403,61.449913024902344,
Z170807203,Z168096506,61.510345458984375,
Z204534306,Z164172903,61.512733459472656,
Z180628606,Z164752105,61.5235595703125,
Z184400900,Z164752105,61.53436279296875,
Z184929303,Z224214403,61.55781936645508,reissue
Z180631800,Z156265702,61.56761169433594,
Z170807203,Z15958790X,61.57216262817383,
Z165709803,Z15657730X,61.58531951904297,
Z168354106,Z168353801,61.593082427978516,
Z224270704,Z164172903,61.599613189697266,
Z256471804,Z253367704,61.62278366088867,
Z168354106,Z168353709,61.62604904174805,
Z159588009,Z35076705,61.65461730957031,
Z168096506,Z156265702,61.6612434387207,
Z170807203,Z164172903,61.70661544799805,
Z177009407,Z164752105,61.73075866699219,
Z157583008,Z186388101,61.73444747924805,
Z167120604,Z157583008,61.76736831665039,
Z157598504,Z168353709,61.78765869140625,
Z159579604,Z18244920X,61.792755126953125,
Z170807203,Z184400900,61.81427001953125,
Z159579501,Z156577207,61.83624267578125,
Z164752105,Z185143704,61.88196563720703,
Z178362103,Z157583008,61.909297943115234,
Z169010905,Z175148507,61.91435241699219,
Z159579604,Z224214403,61.92634963989258,
Z185912505,Z164752105,61.942726135253906,
Z256471804,Z184929303,61.9648323059082,
Z224270704,Z168091302,61.98503875732422,
Z165709803,Z256471804,61.99405288696289,
Z157583008,Z165780108,61.997215270996094,
Z186388101,Z164752105,62.03379821777344,
Z182822001,Z157583008,62.078826904296875,
Z170807203,Z197267901,62.1281852722168,
Z165780108,Z156265702,62.141685485839844,
Z157598504,Z168353801,62.15782165527344,
Z185142207,Z170807409,62.17756271362305,
Z156577207,Z168354106,62.179176330566406,
Z175148507,Z224214403,62.217445373535156,
Z167120501,Z182900000,62.22334289550781,
Z168091405,Z224214403,62.22512435913086,
Z167120501,Z170807203,62.25312042236328,reissue
Z175034204,Z224270704,62.25499725341797,
Z159579604,Z182900000,62.274009704589844,
Z169010905,Z185143704,62.281227111816406,
Z170807409,Z168096506,62.290462493896484,
Z15958790X,Z170807409,62.30263137817383,
Z165709803,Z169010905,62.3057746887207,
Z182900000,Z184929303,62.3203239440918,
Z168091302,Z18244920X,62.32927703857422,
Z197267901,Z164752105,62.34309387207031,
Z182822001,Z164752105,62.37693786621094,
Z197267901,Z157583008,62.38154602050781,
Z182900000,Z184140306,62.395782470703125,
Z156843801,Z170807409,62.4110107421875,
Z18515720X,Z169010905,62.42890548706055,
Z157583008,Z185157909,62.49451446533203,
Z224270704,Z184140306,62.50371170043945,
Z185157909,Z164752105,62.52093505859375,
Z256471804,Z185142207,62.5452995300293,
Z170807409,Z168091405,62.58187484741211,
Z184400900,Z224214403,62.594993591308594,
Z175034204,Z18244920X,62.634033203125,
Z160260500,Z169010905,62.645511627197266,
Z185142207,Z224214403,62.64683151245117,
Z180628606,Z170807409,62.662803649902344,
Z170807203,Z160260500,62.66851043701172,
Z184929303,Z18244920X,62.696495056152344,
Z185912505,Z15657730X,62.697757720947266,
Z178362103,Z164752105,62.70083236694336,
Z204534306,Z25647300X,62.73045349121094,
Z164752105,Z185158008,62.769134521484375,
Z197267901,Z170807409,62.77619934082031,
Z204534306,Z159579604,62.803001403808594,
Z224214403,Z184140306,62.832908630371094,
Z157583008,Z168354106,62.846195220947266,
Z185912505,Z157583008,62.858070373535156,
Z156843801,Z169010905,62.8609733581543,
Z169010905,Z185158008,62.89458465576172,
Z156577207,Z184140306,62.93131637573242,
Z170807203,Z176245508,62.93478012084961,
Z256471804,Z175148507,62.940948486328125,
Z159588009,Z256472808,62.95539855957031,
Z156771000,Z169010905,62.976531982421875,
Z170807409,Z158160208,62.98625946044922,
Z170807203,Z168354106,62.99248504638672,
Z160260500,Z164752105,63.00215148925781,
Z185157909,Z224214403,63.03438186645508,
Z169010905,Z176245508,63.041770935058594,
Z185142207,Z164752105,63.04994201660156,
Z185142207,Z157583008,63.0882568359375,
Z185157909,Z169010905,63.09178161621094,
Z204534306,Z159579501,63.13200759887695,
Z224270704,Z168091405,63.135894775390625,
Z185158008,Z156265702,63.139644622802734,
Z156843801,Z156265702,63.139892578125,
Z256471804,Z168091405,63.16746139526367,
Z256471804,Z167120604,63.169063568115234,
Z156265702,Z185143704,63.181663513183594,
Z256471804,Z180631800,63.22698974609375,
Z170807203,Z185142001,63.2318229675293,
Z256471804,Z178362103,63.23589324951172,
Z157598504,Z160260500,63.243587493896484,
Z185142207,Z185142104,63.32682418823242,
Z170807203,Z156843801,63.353538513183594,
Z256471804,Z182822001,63.37885284423828,
Z157598504,Z253367704,63.40314865112305,
Z177009407,Z224214403,63.43741989135742,
Z180631800,Z224214403,63.439884185791016,
Z157598504,Z180631800,63.46599578857422,
Z157583008,Z185158008,63.483619689941406,
Z253367704,Z156265702,63.48896026611328,
Z15958790X,Z224270704,63.489723205566406,
Z156577207,Z168353709,63.5401725769043,
Z156577207,Z186388101,63.55418014526367,
Z25647300X,Z256472808,63.577186584472656,
Z156771000,Z15657730X,63.579402923583984,
Z184140306,Z18244920X,63.652992248535156,
Z253367704,Z157583008,63.675819396972656,
Z168091302,Z256472808,63.68458938598633,
Z156771000,Z156265702,63.688201904296875,
Z35076705,Z168091302,63.727630615234375,
Z18515720X,Z224214403,63.728145599365234,
Z157583008,Z18514390X,63.79352569580078,
Z157598504,Z185142207,63.83838653564453,
Z204534306,Z159588009,63.84559631347656,
Z256471804,Z197267901,63.863460540771484,
Z165709803,Z224214403,63.867759704589844,
Z256471804,Z185157909,63.86834716796875,
Z157598504,Z197267901,63.87056350708008,
Z35076705,Z224270704,63.872135162353516,
Z159579501,Z182900000,63.88682556152344,
Z167120501,Z256471804,63.89931106567383,
Z35076705,Z165780108,63.93318176269531,
Z256471804,Z165780108,63.9432487487793,
Z178362103,Z156265702,63.956356048583984,
Z175034204,Z35076705,63.992645263671875,
Z18515720X,Z156265702,64.00205993652344,
Z168354106,Z164752105,64.00938415527344,
Z15958790X,Z157583008,64.01057434082031,
Z159579604,Z156577207,64.02336883544922,
Z170807409,Z164172903,64.04727935791016,
Z167120604,Z256472808,64.06007385253906,
Z256471804,Z185143704,64.11298370361328,
Z256471804,Z168096506,64.15325927734375,
Z186388101,Z156265702,64.15409851074219,
Z170807409,Z168354106,64.16915893554688,
Z160260500,Z157583008,64.17394256591797,
Z156771000,Z157583008,64.20480346679688,
Z18514390X,Z164752105,64.20638275146484,
Z15958790X,Z164752105,64.22496795654297,
Z156843801,Z157598504,64.22755432128906,
Z256472808,Z176246604,64.32491302490234,
Z224214403,Z185158008,64.37450408935547,
Z185142207,Z156265702,64.39640045166016,
Z167120501,Z167120604,64.41001892089844,reissue
Z186388101,Z224214403,64.42167663574219,
Z170807203,Z185912505,64.45410919189453,
Z158700100,Z35076705,64.45557403564453,
Z158160208,Z157583008,64.45777893066406,
Z256471804,Z185158008,64.45782470703125,
Z256471804,Z156771000,64.45892333984375,
Z175034204,Z256472808,64.50715637207031,
Z170807203,Z156771000,64.55887603759766,
Z184929303,Z256472808,64.58213806152344,
Z156771000,Z164752105,64.5841064453125,
Z256471804,Z176246604,64.60127258300781,
Z185157107,Z157583008,64.6163330078125,
Z256471804,Z15958790X,64.61669158935547,
Z168096506,Z182900000,64.62529754638672,
Z224214403,Z165780108,64.6266098022461,
Z158160208,Z176246604,64.63658905029297,reissue
Z168353801,Z156265702,64.6599349975586,
Z178362103,Z224214403,64.66919708251953,
Z256472808,Z157711400,64.68733978271484,
Z160260500,Z15657730X,64.70189666748047,
Z253367704,Z164752105,64.709716796875,
Z157598504,Z185143704,64.73670959472656,
Z167120501,Z224214403,64.76264953613281,reissue
Z156577207,Z168353801,64.76696014404297,
Z185142104,Z35076705,64.76712799072266,
Z256471804,Z185157107,64.769775390625,
Z256471804,Z18515720X,64.77780151367188,
Z15657730X,Z176245508,64.81095886230469,
Z178362103,Z169010905,64.85134887695312,
Z15958790X,Z169010905,64.86073303222656,
Z256471804,Z185912505,64.92813873291016,
Z185142104,Z185158008,65.0248794555664,
Z204534306,Z168091302,65.03974914550781,
Z168353709,Z156265702,65.04821014404297,
Z167120501,Z157598504,65.0527572631836,reissue
Z159579501,Z18244920X,65.07247161865234,
Z170807409,Z253367704,65.0937728881836,
Z157711400,Z185143704,65.10160064697266,
Z167120604,Z224214403,65.12521362304688,reissue
Z176246604,Z224214403,65.14797973632812,
Z180628606,Z15657730X,65.1698226928711,
Z184929303,Z164752105,65.17716979980469,
Z185142104,Z158160208,65.18785095214844,
Z15657730X,Z184929303,65.1884765625,
Z156843801,Z164752105,65.2112045288086,
Z163300909,Z204534306,65.24201202392578,
Z170807203,Z175148507,65.24358367919922,
Z158160208,Z164752105,65.24518585205078,
Z170807409,Z165780108,65.25934600830078,
Z156771000,Z35076705,65.29154205322266,
Z157583008,Z175148507,65.29190826416016,
Z256471804,Z180628606,65.30894470214844,
Z157583008,Z184929303,65.32096099853516,
Z156577207,Z168091405,65.32563781738281,
Z169010905,Z18514390X,65.33804321289062,
Z204534306,Z175034204,65.36852264404297,
Z256471804,Z156843801,65.39022827148438,
Z158160208,Z169010905,65.39916229248047,
Z256471804,Z160260500,65.40021514892578,
Z180628606,Z224214403,65.40039825439453,
Z184400900,Z15657730X,65.4025650024414,
Z204534306,Z256474908,65.4051742553711,
Z170807203,Z159579501,65.43199920654297,
Z35076705,Z184140306,65.4474105834961,
Z156843801,Z157583008,65.45614624023438,
Z185157107,Z164752105,65.46626281738281,
Z165709803,Z157711400,65.50064086914062,
Z170807203,Z25647300X,65.50113677978516,
Z182822001,Z224214403,65.50961303710938,
Z256471804,Z158160208,65.5704116821289,
Z180628606,Z204534306,65.57279968261719,
Z170807203,Z159579604,65.58740997314453,
Z224214403,Z185143704,65.63864135742188,
Z185912505,Z224214403,65.72240447998047,
Z185142001,Z224214403,65.74324798583984,
Z204534306,Z168354106,65.74842834472656,
Z197267901,Z224214403,65.76286315917969,
Z170807203,Z186388101,65.81365203857422,
Z256472808,Z184140306,65.81369018554688,
Z158160208,Z224214403,65.86930084228516,
Z165709803,Z35076705,65.8703384399414,
Z160260500,Z156265702,65.90647888183594,
Z185157909,Z18244920X,65.91409301757812,
Z256474908,Z224214403,65.9144287109375,
Z15958790X,Z224214403,65.92382049560547,
Z180628606,Z182900000,65.93386840820312,
Z182900000,Z168353801,65.98158264160156,
Z169010905,Z168353709,66.02397918701172,
Z156771000,Z157598504,66.02848815917969,
Z256471804,Z176245508,66.08100128173828,
Z164172903,Z164752105,66.0861587524414,
Z15657730X,Z165780108,66.13565826416016,
Z180628606,Z18244920X,66.14995574951172,
Z25647300X,Z164172903,66.1538314819336,
Z157598504,Z168354106,66.15618896484375,
Z18514390X,Z156265702,66.15829467773438,
Z157583008,Z164172903,66.17213439941406,
Z163300909,Z170807203,66.17485809326172,
Z185142104,Z156577207,66.18950653076172,
Z167120604,Z18244920X,66.2073745727539,
Z185142104,Z18515720X,66.21037292480469,
Z175148507,Z164752105,66.25260925292969,
Z157598504,Z175148507,66.2527847290039,
Z167120501,Z15657730X,66.27275085449219,
Z156843801,Z35076705,66.2835464477539,
Z165709803,Z182900000,66.28598022460938,
Z157598504,Z167120604,66.29728698730469,reissue
Z256471804,Z256474908,66.3039321899414,
Z158700100,Z184929303,66.31675720214844,reissue
Z160260500,Z156577207,66.38043975830078,
Z197267901,Z182900000,66.39301300048828,
Z169010905,Z164172903,66.4100570678711,
Z167120604,Z182900000,66.41024017333984,
Z182822001,Z169010905,66.43041229248047,
Z15657730X,Z168353709,66.45126342773438,
Z156771000,Z170807409,66.46210479736328,
Z15657730X,Z177009407,66.46575164794922,
Z168096506,Z224214403,66.46617126464844,
Z185142104,Z176245508,66.46937561035156,
Z15657730X,Z18515720X,66.4996109008789,
Z169010905,Z168353801,66.51641082763672,
Z256471804,Z18514390X,66.52271270751953,
Z185142001,Z164752105,66.52731323242188,
Z168096506,Z18244920X,66.53440856933594,
Z185157909,Z182900000,66.56839752197266,
Z185142104,Z185143704,66.5899429321289,
Z185142001,Z157583008,66.59966278076172,
Z224270704,Z25647300X,66.61363983154297,
Z157598504,Z178362103,66.6238021850586,
Z164172903,Z156265702,66.63387298583984,
Z15657730X,Z157711400,66.65699768066406,
Z184400900,Z35076705,66.73692321777344,
Z180631800,Z18244920X,66.75799560546875,
Z182900000,Z168353709,66.76227569580078,
Z197267901,Z18244920X,66.77535247802734,
Z182822001,Z168353801,66.78748321533203,
Z160260500,Z224214403,66.80669403076172,
Z168353801,Z164172903,66.83493041992188,
Z185157107,Z169010905,66.85174560546875,
Z157598504,Z185158008,66.93573760986328,
Z18515720X,Z157711400,66.94256591796875,
Z180628606,Z253367704,66.94966888427734,reissue
Z15657730X,Z168353801,66.95924377441406,
Z185142104,Z185157107,66.97821044921875,
Z185157107,Z156265702,66.98883819580078,
Z35076705,Z176245508,67.00277709960938,
Z185142104,Z204534306,67.01025390625,
Z157598504,Z185157909,67.01519012451172,
Z204534306,Z167120604,67.04049682617188,reissue
Z176245508,Z224214403,67.10071563720703,
Z158700100,Z168091405,67.1021728515625,
Z170807409,Z25647300X,67.10260009765625,
Z204534306,Z184140306,67.11749267578125,
Z170807203,Z184929303,67.12095642089844,reissue
Z170807409,Z159579604,67.13155364990234,
Z167120604,Z156577207,67.1391372680664,
Z15657730X,Z175148507,67.16810607910156,
Z170807203,Z176246604,67.1728744506836,
Z163300909,Z169010905,67.17359161376953,
Z156843801,Z256472808,67.18026733398438,
Z256471804,Z185142001,67.18750762939453,
Z158700100,Z224270704,67.19866180419922,reissue
Z165709803,Z156577207,67.2083740234375,
Z156771000,Z256472808,67.22176361083984,
Z197267901,Z15657730X,67.24970245361328,
Z180628606,Z35076705,67.25171661376953,
Z156771000,Z182900000,67.2554931640625,
Z169010905,Z168354106,67.2911148071289,
Z165709803,Z18244920X,67.35456085205078,
Z158160208,Z156265702,67.3638916015625,
Z180631800,Z182900000,67.36634826660156,
Z18515720X,Z256472808,67.3680648803711,
Z156771000,Z156577207,67.41021728515625,
Z15958790X,Z256472808,67.4161605834961,
Z253367704,Z156577207,67.42030334472656,
Z182822001,Z156265702,67.43631744384766,
Z15958790X,Z156265702,67.44297790527344,
Z163300909,Z168353709,67.44635009765625,
Z168353801,Z18244920X,67.46890258789062,
Z168353709,Z164172903,67.4778823852539,
Z256474908,Z182900000,67.47933197021484,
Z185157107,Z224214403,67.50243377685547,
Z256474908,Z256472808,67.69378662109375,
Z185142104,Z15657730X,67.71327209472656,
Z25647300X,Z164752105,67.79169464111328,
Z156577207,Z165780108,67.87528991699219,
Z156843801,Z15657730X,67.8948974609375,
Z185142001,Z156265702,67.91158294677734,
Z256472808,Z185143704,67.92079162597656,
Z15958790X,Z156577207,67.92994689941406,
Z185912505,Z170807409,67.93629455566406,
Z163300909,Z168353801,67.95235443115234,
Z15657730X,Z168354106,67.95409393310547,
Z167120604,Z15657730X,67.96215057373047,
Z182822001,Z168353709,67.97489929199219,
Z25647300X,Z168353801,67.97938537597656,
Z197267901,Z35076705,67.9936752319336,
Z175148507,Z156265702,68.00348663330078,
Z15657730X,Z168096506,68.01036834716797,
Z157583008,Z25647300X,68.03888702392578,
Z180631800,Z15657730X,68.05532836914062,
Z204534306,Z186388101,68.0669174194336,
Z25647300X,Z168353709,68.07736206054688,
Z182822001,Z157711400,68.08275604248047,
Z35076705,Z168096506,68.1052017211914,
Z156843801,Z224214403,68.12430572509766,
Z169010905,Z184929303,68.1248550415039,
Z35076705,Z157711400,68.15113830566406,
Z157583008,Z176246604,68.2054672241211,
Z170807203,Z253367704,68.2379379272461,
Z168353709,Z18244920X,68.2543716430664,
Z256474908,Z18244920X,68.25634002685547,
Z170807409,Z159579501,68.27471160888672,
Z160260500,Z35076705,68.27536010742188,
Z176246604,Z164752105,68.28565216064453,
Z176245508,Z18244920X,68.33209991455078,
Z185157107,Z157711400,68.37140655517578,
Z167120501,Z156577207,68.41136169433594,
Z253367704,Z169010905,68.49011993408203,
Z185142104,Z182900000,68.50165557861328,
Z224270704,Z184929303,68.50321960449219,reissue
Z168354106,Z156265702,68.57923126220703,
Z157598504,Z182822001,68.59200286865234,
Z204534306,Z184400900,68.59941864013672,
Z204534306,Z177009407,68.60710906982422,
Z182900000,Z175148507,68.61160278320312,
Z156771000,Z224214403,68.63916778564453,
Z170807409,Z177009407,68.65011596679688,
Z256472808,Z165780108,68.66500091552734,
Z156771000,Z18244920X,68.69648742675781,
Z185142104,Z185157909,68.70063781738281,
Z156771000,Z204534306,68.7413330078125,
Z184929303,Z156265702,68.75980377197266,
Z169010905,Z25647300X,68.77777099609375,
Z182900000,Z186388101,68.80265045166016,
Z35076705,Z177009407,68.81437683105469,
Z35076705,Z175148507,68.8429183959961,
Z204534306,Z180631800,68.85689544677734,
Z157598504,Z185157107,68.859375,
Z18514390X,Z157711400,68.91320037841797,
Z184400900,Z156577207,68.9222412109375,
Z35076705,Z18515720X,68.9336166381836,
Z185142001,Z169010905,68.97553253173828,
Z180628606,Z256472808,68.97976684570312,
Z253367704,Z15657730X,69.00817108154297,
Z185142104,Z182822001,69.01829528808594,
Z15958790X,Z15657730X,69.04893493652344,
Z15958790X,Z159588009,69.06103515625,
Z169010905,Z176246604,69.09896850585938,
Z157711400,Z165780108,69.1473388671875,
Z184400900,Z159588009,69.16510009765625,
Z176245508,Z182900000,69.17842864990234,
Z167120501,Z185142104,69.22830200195312,
Z184400900,Z182900000,69.26324462890625,
Z163300909,Z164752105,69.26509857177734,
Z185142104,Z18514390X,69.30064392089844,
Z156577207,Z177009407,69.35528564453125,
Z170807409,Z184400900,69.36443328857422,
Z165709803,Z158700100,69.39315795898438,
Z168091302,Z168091405,69.40635681152344,
Z15958790X,Z204534306,69.41223907470703,
Z182822001,Z182900000,69.42874145507812,
Z15958790X,Z168091302,69.45077514648438,
Z185142104,Z160260500,69.45548248291016,
Z204534306,Z176246604,69.49098205566406,
Z185912505,Z204534306,69.49870300292969,
Z185142104,Z18244920X,69.50704193115234,
Z163300909,Z157583008,69.52174377441406,
Z15958790X,Z175034204,69.53137969970703,
Z165709803,Z184140306,69.540283203125,
Z185142207,Z256472808,69.55960083007812,
Z177009407,Z168091405,69.56383514404297,
Z157598504,Z184929303,69.57068634033203,reissue
Z158700100,Z177009407,69.6002197265625,
Z156843801,Z156577207,69.6050796508789,
Z156577207,Z18515720X,69.6145248413086,
Z175148507,Z256472808,69.65821838378906,
Z256472808,Z185158008,69.68153381347656,
Z158700100,Z159588009,69.70156860351562,
Z163300909,Z224270704,69.70903778076172,
Z25647300X,Z156265702,69.71809387207031,
Z184400900,Z159579501,69.72097778320312,
Z177009407,Z182900000,69.73633575439453,
Z185912505,Z156577207,69.77005767822266,
Z185912505,Z18244920X,69.79411315917969,
Z253367704,Z168353709,69.79431915283203,
Z160260500,Z256472808,69.8161392211914,
Z253367704,Z18244920X,69.82231903076172,
Z18514390X,Z224214403,69.83650207519531,
Z163300909,Z168354106,69.95879364013672,
Z185142207,Z18515720X,69.99231719970703,
Z157598504,Z158160208,69.99459838867188,
Z18514390X,Z185143704,70.00782012939453,reissue
Z163300909,Z185142104,70.01225280761719,
Z185142104,Z197267901,70.02613830566406,
Z253367704,Z168353801,70.06694793701172,
Z253367704,Z182900000,70.07135772705078,
Z15657730X,Z185157909,70.12181091308594,
Z15958790X,Z168091405,70.12369537353516,
Z175148507,Z18244920X,70.17979431152344,
Z253367704,Z168354106,70.1840591430664,
Z163300909,Z25647300X,70.2251968383789,
Z158160208,Z256472808,70.2455062866211,
Z165709803,Z168091302,70.25887298583984,
Z15958790X,Z184140306,70.27338409423828,
Z160260500,Z182900000,70.30664825439453,
Z35076705,Z185158008,70.33685302734375,
Z165709803,Z224270704,70.3497543334961,
Z159588009,Z157711400,70.35850524902344,
Z182822001,Z168091302,70.43451690673828,
Z185142104,Z165780108,70.44540405273438,
Z185142207,Z157711400,70.48291015625,
Z156843801,Z185142104,70.48615264892578,
Z165709803,Z256472808,70.4935531616211,
Z15657730X,Z185143704,70.51886749267578,
Z165709803,Z159588009,70.5216293334961,
Z185142207,Z35076705,70.52262115478516,
Z168354106,Z164172903,70.54419708251953,
Z185142104,Z164172903,70.56786346435547,
Z176245508,Z256472808,70.57044982910156,
Z185912505,Z182900000,70.58381652832031,
Z159588009,Z177009407,70.62712860107422,
Z197267901,Z256472808,70.62908172607422,
Z185142104,Z159588009,70.63607788085938,
Z167120501,Z256472808,70.64349365234375,
Z157598504,Z18514390X,70.64502716064453,
Z175034204,Z168091405,70.65931701660156,
Z184400900,Z18244920X,70.6697006225586,
Z157598504,Z15958790X,70.67169952392578,
Z156843801,Z224270704,70.69760131835938,
Z178362103,Z256472808,70.71646881103516,
Z157711400,Z184140306,70.72103118896484,
Z197267901,Z180631800,70.7215805053711,
Z182900000,Z157711400,70.76532745361328,
Z168091302,Z157711400,70.76799774169922,
Z157598504,Z164172903,70.79307556152344,
Z177009407,Z157711400,70.79492950439453,
Z167120501,Z35076705,70.7952880859375,
Z185142104,Z25647300X,70.81949615478516,
Z157598504,Z25647300X,70.83497619628906,
Z170807409,Z186388101,70.85528564453125,
Z158700100,Z168091302,70.8647232055664,
Z156577207,Z168096506,70.86608123779297,
Z163300909,Z157598504,70.94925689697266,
Z159588009,Z18515720X,70.98049926757812,
Z165709803,Z176245508,70.98855590820312,
Z185142104,Z168091302,70.99342346191406,
Z18515720X,Z165780108,71.03902435302734,
Z163300909,Z165780108,71.06181335449219,reissue
Z163300909,Z253367704,71.06583404541016,
Z204534306,Z175148507,71.12277221679688,
Z185142104,Z180631800,71.12705993652344,
Z15657730X,Z185158008,71.14102935791016,
Z158700100,Z184140306,71.15312194824219,
Z177009407,Z18244920X,71.16435241699219,
Z185157909,Z256472808,71.17340850830078,
Z177009407,Z256472808,71.17646789550781,
Z185912505,Z185157909,71.17997741699219,
Z160260500,Z18244920X,71.22431945800781,
Z186388101,Z18244920X,71.23482513427734,
Z253367704,Z164172903,71.2447509765625,
Z165709803,Z175034204,71.25891876220703,
Z163300909,Z170807409,71.28235626220703,
Z159579604,Z186388101,71.30946350097656,
Z185157107,Z256472808,71.33824920654297,
Z35076705,Z168091405,71.3779296875,
Z185142207,Z177009407,71.39683532714844,
Z185142104,Z157711400,71.40525817871094,
Z177009407,Z168091302,71.40897369384766,
Z156577207,Z164172903,71.49066925048828,
Z180628606,Z156577207,71.49569702148438,
Z224270704,Z176246604,71.51376342773438,
Z35076705,Z25647300X,71.52562713623047,
Z197267901,Z168091302,71.53141021728516,
Z184400900,Z256472808,71.54266357421875,
Z158700100,Z175034204,71.55297088623047,
Z158700100,Z184400900,71.58074188232422,
Z158700100,Z256472808,71.60391235351562,
Z159588009,Z168091405,71.60774230957031,
Z224270704,Z157711400,71.67890930175781,reissue
Z163300909,Z156577207,71.7029800415039,
Z184400900,Z157711400,71.70686340332031,
Z197267901,Z204534306,71.70962524414062,
Z156577207,Z157711400,71.72220611572266,
Z177009407,Z184140306,71.73806762695312,
Z175034204,Z157711400,71.73872375488281,
Z204534306,Z168096506,71.74091339111328,
Z175034204,Z18515720X,71.76355743408203,
Z182900000,Z165780108,71.79912567138672,
Z175034204,Z177009407,71.85233306884766,
Z185142104,Z167120604,71.85667419433594,
Z156577207,Z25647300X,71.8666763305664,
Z35076705,Z168353709,71.90025329589844,
Z182822001,Z18244920X,71.90048217773438,
Z185142207,Z184400900,71.90900421142578,
Z185157107,Z18515720X,71.91548156738281,
Z35076705,Z185143704,71.91566467285156,
Z204534306,Z157711400,71.99371337890625,reissue
Z160260500,Z170807409,71.99809265136719,
Z163300909,Z156265702,72.0053482055664,
Z168091302,Z168353709,72.03913879394531,
Z159579604,Z168091405,72.05789184570312,
Z159579604,Z168091302,72.06599426269531,
Z158700100,Z159579501,72.0755615234375,
Z170807409,Z176246604,72.08036804199219,
Z18515720X,Z168091302,72.11917114257812,
Z157711400,Z18244920X,72.13227844238281,
Z204534306,Z185157909,72.1696548461914,
Z170807409,Z175148507,72.1883316040039,
Z35076705,Z184929303,72.20570373535156,
Z204534306,Z176245508,72.22360229492188,
Z182822001,Z15657730X,72.2413101196289,
Z184400900,Z175034204,72.30426788330078,
Z35076705,Z168354106,72.30464935302734,
Z185912505,Z159579501,72.31341552734375,
Z159579501,Z186388101,72.39395141601562,
Z182822001,Z159588009,72.40574645996094,
Z185142104,Z175034204,72.43273162841797,
Z184400900,Z168091302,72.4330825805664,
Z163300909,Z164172903,72.47232818603516,
Z184929303,Z176246604,72.48370361328125,
Z159579604,Z184140306,72.48951721191406,
Z159579501,Z224270704,72.48985290527344,
Z197267901,Z159588009,72.49772644042969,
Z168091302,Z168353801,72.52328491210938,
Z177009407,Z165780108,72.5641860961914,
Z185912505,Z157711400,72.56916046142578,
Z185142001,Z182900000,72.62676239013672,
Z18515720X,Z184140306,72.70626068115234,
Z159579604,Z159588009,72.72113800048828,
Z185142001,Z18515720X,72.72954559326172,
Z168091405,Z184140306,72.74484252929688,
Z185142207,Z204534306,72.7462387084961,
Z159588009,Z168354106,72.751953125,
Z18244920X,Z185158008,72.8077392578125,
Z182822001,Z184140306,72.81828308105469,
Z185142104,Z184140306,72.8193130493164,
Z15958790X,Z168353709,72.85038757324219,
Z18515720X,Z224270704,72.88070678710938,
Z159588009,Z176245508,72.90434265136719,
Z204534306,Z158160208,72.91485595703125,
Z159588009,Z168353709,72.94554138183594,
Z182822001,Z167120604,72.9554214477539,
Z168096506,Z256472808,72.9718246459961,
Z35076705,Z168353801,72.97833251953125,
Z15958790X,Z182900000,72.9807357788086,
Z168096506,Z157711400,73.00141143798828,
Z253367704,Z35076705,73.00326538085938,
Z159579604,Z175034204,73.03033447265625,
Z178362103,Z204534306,73.0395736694336,
Z256474908,Z164752105,73.05638885498047,
Z159579501,Z177009407,73.07032775878906,
Z185157107,Z18514390X,73.08206176757812,
Z182900000,Z185158008,73.08700561523438,
Z156577207,Z175148507,73.1212387084961,
Z184400900,Z184140306,73.1255874633789,
Z204534306,Z160260500,73.15155792236328,
Z224270704,Z185143704,73.156494140625,
Z158160208,Z168091302,73.209228515625,
Z185142001,Z185142207,73.21144104003906,
Z182822001,Z175034204,73.2420425415039,
Z185142104,Z224270704,73.24407196044922,
Z35076705,Z18514390X,73.2655029296875,
Z159588009,Z158160208,73.28644561767578,
Z204534306,Z185143704,73.29767608642578,
Z256472808,Z168091405,73.30281066894531,
Z224270704,Z176245508,73.3120346069336,
Z165780108,Z18244920X,73.32307434082031,
Z197267901,Z175034204,73.3311996459961,
Z178362103,Z182900000,73.33161926269531,
Z178362103,Z15657730X,73.33975982666016,
Z197267901,Z184140306,73.34809875488281,
Z159588009,Z168353801,73.34962463378906,
Z168353801,Z185143704,73.350341796875,
Z184400900,Z159579604,73.35333251953125,
Z185912505,Z159588009,73.36753845214844,
Z184400900,Z165780108,73.38792419433594,
Z253367704,Z184140306,73.38859558105469,
Z178362103,Z177009407,73.40894317626953,
Z35076705,Z164172903,73.4224853515625,
Z167120604,Z168096506,73.44335174560547,
Z157598504,Z256474908,73.4447250366211,
Z180631800,Z256472808,73.44947814941406,
Z15958790X,Z35076705,73.48014831542969,
Z158700100,Z159579604,73.48152923583984,
Z156577207,Z185143704,73.491455078125,
Z185142001,Z18244920X,73.52488708496094,
Z185142104,Z168353801,73.52576446533203,
Z185142207,Z185143704,73.54232025146484,
Z158160208,Z185143704,73.54290771484375,
Z158700100,Z157711400,73.5626449584961,reissue
Z175034204,Z168353709,73.58311462402344,
Z178362103,Z185157909,73.62260437011719,
Z184400900,Z168091405,73.62415313720703,
Z185912505,Z256472808,73.6291275024414,
Z15958790X,Z18244920X,73.64896392822266,
Z185912505,Z168091302,73.65292358398438,
Z159579604,Z177009407,73.65481567382812,
Z185157909,Z157711400,73.6646499633789,
Z185142104,Z168091405,73.68135833740234,
Z197267901,Z167120604,73.7022933959961,
Z15958790X,Z168353801,73.7136001586914,
Z159579501,Z168091405,73.73824310302734,
Z176246604,Z156265702,73.73886108398438,
Z185912505,Z185158008,73.7754898071289,
Z185142001,Z185158008,73.78173065185547,
Z167120501,Z159588009,73.79315185546875,
Z167120604,Z18515720X,73.79886627197266,
Z185157107,Z15657730X,73.8099136352539,
Z178362103,Z35076705,73.8216323852539,
Z180628606,Z184140306,73.86441802978516,
Z167120501,Z224270704,73.86878967285156,reissue
Z156577207,Z18514390X,73.86957550048828,
Z175034204,Z168354106,73.87580871582031,
Z182822001,Z156577207,73.90060424804688,
Z178362103,Z156577207,73.90188598632812,
Z157583008,Z256474908,73.91609191894531,
Z176245508,Z168091405,73.9250259399414,
Z253367704,Z25647300X,73.9343032836914,
Z160260500,Z168091302,73.9439926147461,
Z167120604,Z35076705,73.95026397705078,
Z160260500,Z168091405,73.98077392578125,
Z175034204,Z176245508,74.00275421142578,
Z197267901,Z182822001,74.0174560546875,
Z185142207,Z158160208,74.02906799316406,
Z168353709,Z184140306,74.04044342041016,
Z156843801,Z159588009,74.04129028320312,
Z165709803,Z168091405,74.04156494140625,
Z156577207,Z176245508,74.06156921386719,
Z180628606,Z185142104,74.06227111816406,
Z18515720X,Z185158008,74.10275268554688,
Z256474908,Z169010905,74.13023376464844,
Z165709803,Z204534306,74.1313247680664,
Z156577207,Z256474908,74.1473388671875,
Z256474908,Z168353709,74.14898681640625,
Z159579604,Z224270704,74.15351104736328,
Z182822001,Z35076705,74.15731048583984,
Z182900000,Z185143704,74.17839050292969,
Z185142207,Z15657730X,74.19196319580078,
Z185142001,Z185157909,74.19239044189453,
Z178362103,Z18244920X,74.22696685791016,
Z18515720X,Z176245508,74.23465728759766,
Z168353709,Z185143704,74.28308868408203,
Z158700100,Z165780108,74.32405853271484,
Z175034204,Z168353801,74.33154296875,
Z168091405,Z185143704,74.35163879394531,
Z184400900,Z18515720X,74.36683654785156,
Z204534306,Z165780108,74.36902618408203,
Z156843801,Z157711400,74.39757537841797,
Z180628606,Z168091302,74.40711975097656,
Z175034204,Z158160208,74.4288101196289,
Z156577207,Z185158008,74.45865631103516,
Z185142207,Z182900000,74.45999908447266,
Z15958790X,Z185158008,74.47212982177734,
Z176245508,Z184140306,74.485107421875,
Z185142001,Z204534306,74.51325225830078,
Z168354106,Z168091302,74.51469421386719,
Z204534306,Z182822001,74.5184555053711,
Z185142104,Z168353709,74.51910400390625,
Z168091302,Z185143704,74.52943420410156,
Z158700100,Z175148507,74.5337142944336,
Z170807409,Z184929303,74.54638671875,reissue
Z204534306,Z18515720X,74.5937728881836,
Z180628606,Z175034204,74.6185073852539,
Z165709803,Z253367704,74.61969757080078,
Z197267901,Z156577207,74.64010620117188,
Z159579501,Z157711400,74.65086364746094,
Z185157107,Z156577207,74.66429138183594,
Z156843801,Z168091302,74.69722747802734,
Z158700100,Z160260500,74.71842193603516,
Z159579604,Z165780108,74.71992492675781,
Z158160208,Z182900000,74.72865295410156,
Z180631800,Z156577207,74.7414321899414,
Z168353801,Z184140306,74.74333190917969,
Z176245508,Z168091302,74.74752044677734,
Z182900000,Z164172903,74.74889373779297,
Z160260500,Z184140306,74.75142669677734,
Z253367704,Z175034204,74.78630065917969,
Z165709803,Z168353709,74.79682159423828,
Z197267901,Z18514390X,74.79833221435547,
Z185912505,Z185142104,74.81121826171875,
Z180628606,Z159588009,74.8211441040039,
Z185157909,Z224270704,74.84454345703125,
Z185142207,Z159588009,74.8620376586914,
Z158700100,Z186388101,74.88216400146484,
Z159588009,Z185143704,74.88310241699219,
Z185912505,Z224270704,74.88948059082031,
Z156843801,Z184140306,74.889892578125,
Z185142104,Z168096506,74.9132080078125,
Z185142104,Z176246604,74.9184799194336,
Z159579604,Z157711400,74.94776916503906,
Z156843801,Z175034204,74.96488952636719,
Z165709803,Z185157909,74.97032928466797,
Z158160208,Z18515720X,74.98267364501953,
Z253367704,Z168091302,74.99971008300781,
Z167120501,Z168096506,75.0140151977539,
Z197267901,Z159579604,75.0667724609375,
Z164172903,Z18244920X,75.0700454711914,
Z185157107,Z185143704,75.09564208984375,
Z18244920X,Z185143704,75.09593200683594,
Z159579501,Z256472808,75.09656524658203,
Z156577207,Z185157909,75.10218811035156,
Z156843801,Z182900000,75.10920715332031,
Z204534306,Z185158008,75.11404418945312,
Z178362103,Z159588009,75.11888885498047,
Z185157909,Z168091405,75.12106323242188,
Z185142001,Z256472808,75.1299819946289,
Z168354106,Z182900000,75.13251495361328,
Z180628606,Z176245508,75.13732147216797,
Z15958790X,Z177009407,75.14985656738281,
Z18514390X,Z256472808,75.19647979736328,
Z178362103,Z184400900,75.20095825195312,
Z186388101,Z256472808,75.20613861083984,
Z165709803,Z168353801,75.21820831298828,
Z182822001,Z165780108,75.2224349975586,
Z18515720X,Z182900000,75.23095703125,
Z15958790X,Z182822001,75.24378967285156,
Z182822001,Z176245508,75.25110626220703,
Z204534306,Z185157107,75.26039123535156,
Z185142001,Z185157107,75.27625274658203,
Z186388101,Z165780108,75.2796859741211,
Z197267901,Z159579501,75.28807067871094,
Z35076705,Z185157909,75.29366302490234,
Z18515720X,Z177009407,75.31855773925781,
Z160260500,Z159588009,75.32647705078125,
Z159588009,Z185157909,75.33343505859375,
Z156843801,Z185157909,75.3476791381836,
Z197267901,Z185158008,75.35130310058594,
Z158700100,Z168353709,75.36360931396484,
Z185157107,Z164172903,75.36536407470703,
Z168354106,Z157711400,75.3785171508789,
Z177009407,Z18514390X,75.38085174560547,
Z185142207,Z18244920X,75.39154052734375,
Z156843801,Z176245508,75.40061950683594,
Z185142207,Z168091302,75.40168762207031,
Z184929303,Z168353709,75.41902923583984,
Z178362103,Z168353801,75.42794799804688,
Z25647300X,Z182900000,75.42806243896484,
Z158160208,Z18244920X,75.4318618774414,
Z163300909,Z35076705,75.43672943115234,
Z256474908,Z168353801,75.44437408447266,
Z159579604,Z256472808,75.44761657714844,
Z167120501,Z158700100,75.44851684570312,reissue
Z184929303,Z168353801,75.4555892944336,
Z158700100,Z168353801,75.4648208618164,
Z185912505,Z175034204,75.46611022949219,
Z182822001,Z185143704,75.47191619873047,
Z180631800,Z185143704,75.53419494628906,
Z158160208,Z157711400,75.56771850585938,
Z165709803,Z156843801,75.57018280029297,
Z185142104,Z178362103,75.5763168334961,
Z185142207,Z182822001,75.58346557617188,
Z15657730X,Z164172903,75.59042358398438,
Z15958790X,Z185143704,75.59329223632812,
Z25647300X,Z18244920X,75.60189056396484,
Z18514390X,Z164172903,75.61830139160156,
Z253367704,Z159588009,75.63296508789062,
Z182822001,Z185158008,75.64681243896484,
Z167120501,Z168091302,75.64776611328125,
Z165709803,Z180631800,75.66136169433594,
Z185912505,Z159579604,75.69157409667969,
Z165709803,Z182822001,75.69822692871094,
Z204534306,Z18514390X,75.70036315917969,
Z158160208,Z184140306,75.70105743408203,
Z25647300X,Z176246604,75.70645141601562,
Z18515720X,Z168353709,75.70935821533203,
Z159579501,Z18514390X,75.71430206298828,
Z180631800,Z168096506,75.72634887695312,
Z180631800,Z224270704,75.75419616699219,
Z185912505,Z165780108,75.77519226074219,
Z157598504,Z176246604,75.7761459350586,
Z185142207,Z168091405,75.77652740478516,
Z18515720X,Z18244920X,75.7983627319336,
Z185142207,Z156577207,75.80389404296875,
Z18515720X,Z168091405,75.80899047851562,
Z18515720X,Z168353801,75.81031799316406,
Z163300909,Z177009407,75.82613372802734,
Z165709803,Z18514390X,75.83477783203125,
Z165709803,Z18515720X,75.85385131835938,
Z156843801,Z18244920X,75.86952209472656,
Z185142001,Z157598504,75.87678527832031,
Z185142207,Z185158008,75.91490173339844,
Z185912505,Z184140306,75.93038177490234,
Z185142207,Z18514390X,75.95288848876953,
Z185157107,Z185158008,75.9572982788086,
Z185912505,Z185143704,75.96131134033203,
Z159588009,Z176246604,75.99173736572266,
Z15657730X,Z176246604,76.00221252441406,
Z167120501,Z180631800,76.00244140625,
Z175034204,Z185143704,76.00847625732422,
Z168354106,Z18244920X,76.01383209228516,
Z165709803,Z185158008,76.01844787597656,
Z156771000,Z167120604,76.02286529541016,
Z178362103,Z175034204,76.0239028930664,
Z185142207,Z176245508,76.02963256835938,
Z180628606,Z185142207,76.0416488647461,
Z15657730X,Z25647300X,76.04700469970703,
Z160260500,Z175034204,76.06173706054688,
Z159588009,Z25647300X,76.06861877441406,
Z158700100,Z18515720X,76.08020782470703,
Z167120501,Z175034204,76.08647155761719,
Z178362103,Z168353709,76.0888671875,
Z165709803,Z160260500,76.10292053222656,
Z15958790X,Z164172903,76.1080551147461,
Z180631800,Z185158008,76.10823822021484,
Z176245508,Z185158008,76.1164779663086,
Z158700100,Z168096506,76.16157531738281,
Z158160208,Z15657730X,76.1790542602539,
Z180631800,Z176245508,76.19837188720703,
Z185142207,Z175034204,76.2085189819336,
Z165709803,Z168096506,76.24851989746094,
Z158700100,Z182822001,76.25115966796875,
Z185142207,Z185157107,76.25469970703125,
Z197267901,Z224270704,76.26280975341797,
Z156771000,Z157711400,76.30720520019531,
Z185142001,Z176245508,76.30833435058594,
Z25647300X,Z168091302,76.3155288696289,
Z159588009,Z18514390X,76.3680419921875,
Z168091302,Z165780108,76.37020874023438,
Z185142207,Z185157909,76.37782287597656,
Z180631800,Z167120604,76.37850952148438,
Z185142001,Z159588009,76.39359283447266,
Z168354106,Z184140306,76.40431213378906,
Z159588009,Z165780108,76.40721893310547,
Z178362103,Z18515720X,76.45655059814453,
Z185142104,Z168354106,76.46398162841797,
Z224270704,Z177009407,76.4667739868164,
Z158700100,Z185142104,76.47657775878906,
Z158160208,Z168091405,76.4783935546875,
Z176245508,Z185143704,76.49275207519531,
Z186388101,Z157711400,76.50747680664062,
Z159588009,Z159579501,76.51104736328125,
Z184400900,Z180631800,76.53467559814453,
Z180628606,Z185143704,76.53746032714844,
Z15958790X,Z184400900,76.56333923339844,
Z178362103,Z185158008,76.56682586669922,
Z184140306,Z185143704,76.56840515136719,
Z253367704,Z176245508,76.56979370117188,
Z175148507,Z165780108,76.58206176757812,
Z178362103,Z18514390X,76.64759826660156,
Z159588009,Z168096506,76.67375946044922,
Z224270704,Z18514390X,76.69850158691406,
Z185157909,Z168091302,76.71263885498047,
Z197267901,Z168091405,76.72596740722656,
Z178362103,Z168091302,76.74713897705078,
Z167120604,Z185143704,76.75267791748047,
Z185912505,Z180631800,76.76497650146484,
Z15958790X,Z157711400,76.77379608154297,
Z180628606,Z168091405,76.77444458007812,
Z185142001,Z168091302,76.7756118774414,
Z197267901,Z177009407,76.77920532226562,
Z167120501,Z184140306,76.7796859741211,
Z167120604,Z168353801,76.79337310791016,
Z184400900,Z175148507,76.81737518310547,
Z157711400,Z185158008,76.81986999511719,
Z185142207,Z159579604,76.82813262939453,
Z158700100,Z185157909,76.84609985351562,
Z168091302,Z18514390X,76.884521484375,
Z18515720X,Z18514390X,76.9588623046875,
Z185142001,Z158160208,76.97370910644531,
Z158700100,Z167120604,76.98590850830078,reissue
Z18514390X,Z168091405,77.00112915039062,
Z159588009,Z164172903,77.03555297851562,
Z165709803,Z185142104,77.04964447021484,
Z158700100,Z180631800,77.0501937866211,
Z185142001,Z168091405,77.05162048339844,
Z253367704,Z185157909,77.0866470336914,
Z180631800,Z164172903,77.09883880615234,
Z185157909,Z164172903,77.1078872680664,
Z180628606,Z185158008,77.11273193359375,
Z165709803,Z159579501,77.12376403808594,
Z168096506,Z186388101,77.12559509277344,
Z158700100,Z185142207,77.15027618408203,
Z180631800,Z18515720X,77.15040588378906,
Z185142207,Z197267901,77.16382598876953,
Z15958790X,Z159579501,77.18917083740234,
Z158160208,Z176245508,77.1959457397461,
Z15958790X,Z18514390X,77.19597625732422,
Z167120604,Z224270704,77.22659301757812,reissue
Z175034204,Z168096506,77.22695922851562,
Z253367704,Z176246604,77.25199890136719,
Z158700100,Z178362103,77.25355529785156,
Z185142104,Z184400900,77.25953674316406,
Z256474908,Z156265702,77.26402282714844,
Z163300909,Z184400900,77.27338409423828,
Z185142104,Z175148507,77.27849578857422,
Z159579604,Z175148507,77.29063415527344,
Z185142207,Z168353801,77.331298828125,
Z184400900,Z224270704,77.34588623046875,
Z168096506,Z168091302,77.34642028808594,
Z167120501,Z185912505,77.36412811279297,
Z167120604,Z168353709,77.37823486328125,
Z168091405,Z185158008,77.37950134277344,
Z168091302,Z176246604,77.3862533569336,
Z168096506,Z185143704,77.39240264892578,
Z185142207,Z168353709,77.39972686767578,
Z182822001,Z18515720X,77.41006469726562,
Z15657730X,Z256474908,77.41158294677734,
Z176245508,Z157711400,77.4216537475586,
Z35076705,Z176246604,77.42474365234375,
Z156771000,Z159588009,77.42525482177734,
Z159579501,Z184140306,77.43546295166016,
Z175034204,Z176246604,77.4456558227539,
Z160260500,Z184929303,77.46417236328125,
Z18514390X,Z184140306,77.46687316894531,
Z164172903,Z185143704,77.4675521850586,
Z185142001,Z180631800,77.47734832763672,
Z159579501,Z165780108,77.50568389892578,
Z175148507,Z157711400,77.5071029663086,
Z185142104,Z177009407,77.50870513916016,
Z168096506,Z184140306,77.52144622802734,
Z159579501,Z168091302,77.52545166015625,
Z185157107,Z224270704,77.59456634521484,
Z184400900,Z18514390X,77.602294921875,
Z197267901,Z18515720X,77.61738586425781,
Z185912505,Z176245508,77.64900970458984,
Z180631800,Z157711400,77.65354919433594,
Z165709803,Z197267901,77.65901947021484,
Z197267901,Z185157909,77.67963409423828,
Z159579604,Z180631800,77.68345642089844,
Z185142001,Z184140306,77.68508911132812,
Z185142207,Z184140306,77.69257354736328,
Z156843801,Z168091405,77.7142333984375,
Z156771000,Z168091302,77.77664184570312,
Z158160208,Z156577207,77.78264617919922,
Z168354106,Z165780108,77.79964447021484,
Z175034204,Z159579501,77.8077621459961,
Z197267901,Z168096506,77.82057189941406,
Z175034204,Z18514390X,77.82361602783203,
Z168354106,Z184929303,77.83973693847656,
Z167120501,Z184929303,77.8467788696289,reissue
Z185157909,Z168096506,77.8559799194336,
Z185157909,Z184140306,77.85810852050781,
Z158160208,Z224270704,77.86466979980469,
Z159579501,Z185158008,77.87175750732422,
Z185157909,Z176245508,77.89936828613281,
Z178362103,Z184140306,77.90129089355469,
Z185912505,Z168096506,77.9114761352539,
Z185142104,Z159579501,77.91658782958984,
Z182822001,Z224270704,77.93079376220703,
Z180628606,Z177009407,77.93154907226562,
Z168353801,Z165780108,77.94647216796875,
Z185157107,Z185157909,77.94805908203125,
Z185157107,Z168353709,77.95365142822266,
Z167120501,Z185158008,77.97390747070312,
Z167120501,Z197267901,77.97766876220703,
Z158700100,Z168354106,77.98641204833984,
Z185157107,Z176245508,77.98674774169922,
Z168353709,Z185158008,78.01446533203125,
Z180631800,Z177009407,78.04035949707031,
Z197267901,Z176245508,78.045166015625,
Z178362103,Z167120604,78.05360412597656,
Z168353709,Z165780108,78.06153106689453,
Z176245508,Z164172903,78.06681823730469,
Z163300909,Z182900000,78.06766510009766,
Z178362103,Z164172903,78.10205841064453,
Z159579604,Z18515720X,78.1163101196289,
Z178362103,Z224270704,78.12433624267578,
Z185157107,Z35076705,78.1290283203125,
Z224270704,Z185158008,78.14280700683594,
Z167120501,Z159579604,78.14482879638672,
Z156771000,Z175034204,78.14639282226562,
Z185142001,Z224270704,78.14653778076172,
Z168091302,Z164172903,78.16473388671875,
Z178362103,Z185143704,78.17045593261719,
Z158160208,Z35076705,78.1734619140625,
Z177009407,Z175148507,78.17414855957031,
Z180628606,Z18515720X,78.18333435058594,
Z158700100,Z197267901,78.18411254882812,
Z25647300X,Z157711400,78.2254409790039,
Z175034204,Z185157909,78.2305908203125,
Z163300909,Z18515720X,78.23564910888672,
Z168353801,Z185158008,78.23785400390625,
Z253367704,Z159579501,78.2427749633789,
Z182822001,Z175148507,78.25853729248047,
Z15958790X,Z18515720X,78.25885009765625,
Z156771000,Z184140306,78.27437591552734,
Z25647300X,Z184140306,78.29633331298828,
Z185142001,Z18514390X,78.32270050048828,
Z167120501,Z15958790X,78.32784271240234,
Z15657730X,Z18514390X,78.33808898925781,
Z160260500,Z224270704,78.3466796875,
Z165709803,Z185143704,78.34685516357422,
Z159588009,Z185158008,78.35089111328125,
Z185142001,Z157711400,78.384521484375,
Z180628606,Z157711400,78.39881134033203,
Z185142001,Z175034204,78.39887237548828,
Z182900000,Z176246604,78.42395782470703,
Z167120604,Z165780108,78.43013763427734,
Z175034204,Z165780108,78.43309020996094,
Z163300909,Z15657730X,78.44133758544922,
Z159579604,Z168096506,78.45279693603516,
Z156843801,Z18514390X,78.4540786743164,
Z182822001,Z168091405,78.45608520507812,
Z178362103,Z182822001,78.46976470947266,
Z185157107,Z168353801,78.47937774658203,
Z170807203,Z256474908,78.50074005126953,
Z185157909,Z168353801,78.50495147705078,
Z156843801,Z185143704,78.50788116455078,
Z197267901,Z185143704,78.51061248779297,
Z178362103,Z165780108,78.5111083984375,
Z168091302,Z185158008,78.51445770263672,
Z18515720X,Z185143704,78.61463165283203,
Z156843801,Z182822001,78.62457275390625,
Z175034204,Z25647300X,78.63595581054688,
Z197267901,Z184400900,78.64672088623047,
Z15958790X,Z176245508,78.64917755126953,
Z160260500,Z185143704,78.66841888427734,
Z165709803,Z159579604,78.67041778564453,
Z167120604,Z168091405,78.67076873779297,
Z185912505,Z18514390X,78.67294311523438,
Z165709803,Z178362103,78.67510223388672,
Z180631800,Z25647300X,78.68437957763672,
Z168354106,Z176246604,78.6905517578125,
Z156843801,Z15958790X,78.69385528564453,
Z175034204,Z164172903,78.70121765136719,
Z158160208,Z185158008,78.70498657226562,
Z167120501,Z177009407,78.72907257080078,
Z160260500,Z157711400,78.74000549316406,
Z182822001,Z18514390X,78.74748992919922,
Z167120501,Z168091405,78.74958801269531,
Z167120501,Z156771000,78.7685546875,
Z185142104,Z159579604,78.7747573852539,
Z159579604,Z176245508,78.77789306640625,
Z156843801,Z204534306,78.7898178100586,
Z182822001,Z158160208,78.80218505859375,
Z185157107,Z18244920X,78.872314453125,
Z184929303,Z168091405,78.90213775634766,
Z159579604,Z158160208,78.90367126464844,
Z168353801,Z168091405,78.91284942626953,
Z158700100,Z176245508,78.94352722167969,
Z35076705,Z256474908,78.95602416992188,
Z185142001,Z164172903,78.95853424072266,
Z185142001,Z178362103,78.96887969970703,
Z156771000,Z185143704,78.98188781738281,
Z180628606,Z184400900,78.99907684326172,
Z180628606,Z165780108,79.00273132324219,
Z178362103,Z168096506,79.01387023925781,
Z168096506,Z165780108,79.02945709228516,
Z163300909,Z18244920X,79.04676055908203,
Z185912505,Z168353709,79.0635757446289,
Z163300909,Z176246604,79.08191680908203,
Z156771000,Z184929303,79.08513641357422,
Z163300909,Z159588009,79.08722686767578,
Z159579501,Z168353709,79.08792114257812,
Z167120604,Z177009407,79.09257507324219,
Z165709803,Z177009407,79.10415649414062,
Z15958790X,Z185157107,79.11614990234375,
Z180628606,Z185157909,79.15160369873047,
Z253367704,Z168091405,79.16162872314453,
Z160260500,Z18515720X,79.22068786621094,
Z178362103,Z186388101,79.25115966796875,
Z156843801,Z197267901,79.27799987792969,
Z185912505,Z168353801,79.28593444824219,
Z185142001,Z15958790X,79.298095703125,
Z159579501,Z184929303,79.34420776367188,
Z158160208,Z177009407,79.34906005859375,
Z156843801,Z25647300X,79.36915588378906,
Z165709803,Z158160208,79.37848663330078,
Z180628606,Z159579501,79.38841247558594,
Z185157909,Z185143704,79.39949798583984,
Z167120501,Z185157107,79.406982421875,
Z185912505,Z164172903,79.4120864868164,
Z176246604,Z184140306,79.41436004638672,
Z156843801,Z178362103,79.41494750976562,
Z185157107,Z168354106,79.41731262207031,
Z159588009,Z167120604,79.42354583740234,
Z167120501,Z182822001,79.44615173339844,
Z167120604,Z185158008,79.46599578857422,
Z160260500,Z185158008,79.46923065185547,
Z185142104,Z186388101,79.47651672363281,
Z184400900,Z176245508,79.4765396118164,
Z15958790X,Z25647300X,79.47770690917969,
Z156843801,Z168096506,79.47842407226562,
Z156843801,Z185157107,79.48977661132812,
Z185912505,Z25647300X,79.4913330078125,
Z18514390X,Z176246604,79.49524688720703,
Z176246604,Z18244920X,79.509765625,
Z185912505,Z197267901,79.51495361328125,
Z178362103,Z168091405,79.51951599121094,
Z185912505,Z184400900,79.52204895019531,
Z178362103,Z185157107,79.53213500976562,
Z184140306,Z185158008,79.548828125,
Z156843801,Z185158008,79.55027770996094,
Z159579501,Z168096506,79.57087707519531,
Z185142207,Z180631800,79.59028625488281,
Z18514390X,Z168353709,79.60692596435547,
Z160260500,Z165780108,79.619384765625,
Z15958790X,Z159579604,79.62187194824219,
Z182900000,Z18514390X,79.62992095947266,
Z158160208,Z175148507,79.6489028930664,
Z167120501,Z18515720X,79.65522003173828,
Z165780108,Z185143704,79.67859649658203,
Z165709803,Z184400900,79.68138122558594,
Z156771000,Z224270704,79.71855163574219,
Z168354106,Z168091405,79.7485580444336,
Z156771000,Z159579501,79.76187133789062,
Z178362103,Z159579604,79.76654815673828,
Z178362103,Z180631800,79.78205108642578,
Z156843801,Z158700100,79.80467987060547,
Z156843801,Z160260500,79.80996704101562,
Z185912505,Z160260500,79.81414031982422,
Z159579501,Z18515720X,79.81460571289062,
Z156771000,Z185142104,79.81649780273438,
Z175034204,Z185158008,79.81714630126953,
Z159579501,Z175148507,79.8183364868164,
Z185157909,Z177009407,79.8197250366211,
Z165780108,Z184140306,79.82102966308594,
Z256474908,Z184929303,79.8411865234375,
Z184400900,Z158160208,79.84220886230469,
Z185142104,Z253367704,79.85781860351562,
Z186388101,Z168353709,79.8631362915039,
Z186388101,Z175148507,79.86956787109375,
Z184400900,Z185157107,79.88057708740234,
Z15958790X,Z167120604,79.88475799560547,
Z156843801,Z177009407,79.88533782958984,
Z182822001,Z177009407,79.89826965332031,
Z185142207,Z175148507,79.89915466308594,
Z156843801,Z18515720X,79.90856170654297,
Z158160208,Z18514390X,79.91117858886719,
Z185142207,Z159579501,79.91622161865234,
Z167120604,Z168354106,79.92501068115234,
Z185157107,Z182900000,79.92745971679688,
Z185912505,Z186388101,79.935791015625,
Z25647300X,Z185143704,79.9371337890625,
Z163300909,Z185157107,79.94892120361328,
Z182822001,Z180631800,79.95001983642578,
Z167120501,Z18514390X,79.96735382080078,
Z185142207,Z178362103,79.97537231445312,
Z185142207,Z186388101,79.97755432128906,
Z180628606,Z182822001,79.9893569946289,
Z159579501,Z185157909,80.01998901367188,
Z168096506,Z185158008,80.02658081054688,
Z163300909,Z168091302,80.0513916015625,
Z185157909,Z168353709,80.05542755126953,
Z156771000,Z197267901,80.0586929321289,
Z167120501,Z168353801,80.07014465332031,
Z167120604,Z157711400,80.1077880859375,reissue
Z160260500,Z158160208,80.11140441894531,
Z165709803,Z185912505,80.11420440673828,
Z18514390X,Z185158008,80.12152099609375,
Z165709803,Z185157107,80.12775421142578,
Z160260500,Z185157909,80.1350326538086,
Z156843801,Z158160208,80.13560485839844,
Z156843801,Z159579604,80.13801574707031,
Z175034204,Z167120604,80.14437103271484,
Z185142001,Z168353801,80.14762878417969,
Z177009407,Z168353709,80.16978454589844,
Z167120604,Z168091302,80.17131042480469,
Z168353709,Z168091405,80.17671966552734,
Z180628606,Z156771000,80.18326568603516,
Z185912505,Z168091405,80.18523406982422,
Z156843801,Z164172903,80.1904525756836,
Z185157107,Z177009407,80.19107055664062,
Z167120501,Z159579501,80.20673370361328,
Z18514390X,Z18244920X,80.2120590209961,
Z168091405,Z157711400,80.22090148925781,
Z185912505,Z177009407,80.22654724121094,
Z185142104,Z184929303,80.2327651977539,
Z167120501,Z157711400,80.23825073242188,reissue
Z197267901,Z164172903,80.24979400634766,
Z185157107,Z168091405,80.25588989257812,
Z18514390X,Z168353801,80.2708969116211,
Z167120604,Z176245508,80.2716064453125,
Z180631800,Z158160208,80.2755355834961,
Z184400900,Z167120604,80.27581787109375,
Z180628606,Z224270704,80.27619171142578,
Z163300909,Z256474908,80.28583526611328,
Z164172903,Z184140306,80.29574584960938,
Z156771000,Z168096506,80.3169174194336,
Z184400900,Z168353709,80.31925201416016,
Z159579501,Z168353801,80.32195281982422,
Z178362103,Z158160208,80.34918975830078,
Z184400900,Z185157909,80.3714599609375,
Z158160208,Z168353709,80.39532470703125,
Z165709803,Z156771000,80.3965072631836,
Z163300909,Z185157909,80.42151641845703,
Z185157107,Z159588009,80.42687225341797,
Z182822001,Z168354106,80.45233917236328,
Z167120501,Z184400900,80.45541381835938,
Z165709803,Z186388101,80.45832824707031,
Z185142207,Z25647300X,80.46330261230469,
Z185142001,Z182822001,80.48121643066406,
Z167120501,Z178362103,80.48554229736328,
Z18515720X,Z175148507,80.48625946044922,
Z158160208,Z168353801,80.5284423828125,
Z167120501,Z168353709,80.52910614013672,
Z158700100,Z156771000,80.53999328613281,
Z159588009,Z180631800,80.5443344116211,
Z165709803,Z25647300X,80.59835815429688,
Z180631800,Z175148507,80.6490478515625,
Z253367704,Z18514390X,80.65513610839844,
Z185142001,Z168096506,80.65865325927734,
Z158700100,Z256474908,80.66635131835938,
Z185142207,Z168096506,80.67329406738281,
Z156843801,Z184400900,80.6733627319336,
Z163300909,Z185142001,80.68448638916016,
Z156843801,Z180631800,80.6903076171875,
Z176245508,Z165780108,80.69489288330078,
Z156771000,Z159579604,80.69570922851562,
Z165709803,Z15958790X,80.75030517578125,
Z197267901,Z158160208,80.75167846679688,
Z159579604,Z18514390X,80.78662872314453,
Z158700100,Z185142001,80.79640197753906,
Z176246604,Z164172903,80.7965316772461,
Z184400900,Z186388101,80.79682159423828,
Z157711400,Z164172903,80.80501556396484,
Z15958790X,Z180631800,80.83009338378906,
Z186388101,Z168353801,80.84516906738281,
Z182822001,Z185157909,80.845458984375,
Z163300909,Z18514390X,80.868896484375,
Z185157909,Z25647300X,80.87174224853516,
Z185142207,Z168354106,80.87705993652344,
Z15958790X,Z168354106,80.88048553466797,
Z180631800,Z18514390X,80.8855972290039,
Z163300909,Z175034204,80.91349029541016,
Z184929303,Z164172903,80.9324951171875,
Z167120501,Z180628606,80.93797302246094,
Z167120501,Z164172903,80.9405517578125,
Z168091405,Z165780108,80.95726776123047,
Z156843801,Z185142207,80.97844696044922,
Z167120501,Z185157909,80.98685455322266,
Z184400900,Z168353801,81.00057220458984,
Z185142001,Z197267901,81.00069427490234,
Z185142001,Z185143704,81.0011215209961,
Z167120501,Z185143704,81.01403045654297,
Z156771000,Z177009407,81.06089782714844,
Z184400900,Z164172903,81.06686401367188,
Z177009407,Z168353801,81.08475494384766,
Z176245508,Z18514390X,81.08828735351562,
Z185157107,Z158160208,81.11996459960938,
Z15958790X,Z185142104,81.12857818603516,
Z185157909,Z18514390X,81.17292022705078,
Z167120501,Z176245508,81.18101501464844,
Z180628606,Z18514390X,81.18113708496094,
Z163300909,Z184140306,81.21568298339844,
Z167120604,Z18514390X,81.22005462646484,
Z256474908,Z164172903,81.23451232910156,
Z178362103,Z175148507,81.253662109375,
Z180628606,Z178362103,81.26909637451172,
Z159579501,Z176245508,81.28828430175781,
Z197267901,Z25647300X,81.3050537109375,
Z180628606,Z197267901,81.30894470214844,
Z253367704,Z256474908,81.3122329711914,
Z185142001,Z156577207,81.31657409667969,
Z18515720X,Z186388101,81.36256408691406,
Z185142001,Z167120604,81.37442016601562,
Z184400900,Z182822001,81.38400268554688,
Z180631800,Z168091302,81.3853530883789,
Z167120501,Z165780108,81.3878402709961,
Z156771000,Z168353801,81.40052795410156,
Z182822001,Z164172903,81.41700744628906,
Z165709803,Z180628606,81.42247772216797,
Z163300909,Z184929303,81.42430877685547,
Z164172903,Z185158008,81.46849060058594,
Z185912505,Z158160208,81.47559356689453,
Z180628606,Z167120604,81.47660827636719,
Z185157107,Z165780108,81.4845962524414,
Z156843801,Z176246604,81.51039123535156,
Z185157107,Z184140306,81.55909729003906,
Z185157107,Z167120604,81.5689697265625,
Z184929303,Z165780108,81.58394622802734,
Z177009407,Z185158008,81.59124755859375,
Z185157107,Z168091302,81.60539245605469,
Z185142001,Z160260500,81.61112976074219,
Z156771000,Z168353709,81.61162567138672,
Z163300909,Z157711400,81.6159896850586,
Z167120604,Z184140306,81.6176986694336,
Z158700100,Z185158008,81.6226806640625,
Z158160208,Z164172903,81.6513900756836,
Z180631800,Z185157909,81.65252685546875,
Z180628606,Z15958790X,81.65401458740234,
Z156771000,Z180631800,81.6552734375,
Z185142001,Z15657730X,81.65864562988281,
Z185142001,Z165780108,81.69847106933594,
Z159579604,Z176246604,81.69921112060547,
Z177009407,Z184929303,81.69981384277344,
Z159588009,Z186388101,81.72525787353516,
Z176245508,Z168353801,81.72722625732422,
Z178362103,Z176245508,81.75018310546875,
Z156843801,Z185142001,81.76107025146484,
Z25647300X,Z18514390X,81.7656021118164,
Z156843801,Z253367704,81.76770782470703,
Z180631800,Z168091405,81.81905364990234,
Z168096506,Z18514390X,81.82449340820312,
Z180628606,Z168353709,81.82673645019531,
Z165709803,Z185142001,81.83914184570312,
Z158700100,Z185157107,81.84109497070312,
Z156843801,Z165780108,81.87181091308594,
Z160260500,Z186388101,81.89977264404297,
Z184400900,Z168354106,81.90676879882812,
Z185142207,Z224270704,81.91676330566406,
Z159588009,Z256474908,81.9269027709961,
Z156843801,Z185912505,81.94364166259766,
Z185142001,Z168353709,81.94981384277344,
Z177009407,Z185143704,81.95059204101562,
Z184400900,Z185158008,81.97335815429688,
Z159579604,Z168353709,81.97772979736328,
Z156771000,Z18514390X,81.9834976196289,
Z158700100,Z15958790X,81.9839096069336,
Z160260500,Z159579501,81.9884033203125,
Z175034204,Z186388101,81.99655151367188,
Z168354106,Z185143704,81.99774169921875,
Z165709803,Z168354106,81.99822235107422,
Z182822001,Z168096506,82.0033187866211,
Z253367704,Z18515720X,82.0073471069336,
Z185912505,Z185157107,82.0288314819336,
Z158700100,Z185143704,82.02932739257812,
Z185912505,Z178362103,82.03303527832031,
Z163300909,Z197267901,82.05479431152344,
Z165709803,Z165780108,82.05662536621094,
Z185912505,Z18515720X,82.05789184570312,
Z185142207,Z167120604,82.07247161865234,
Z177009407,Z164172903,82.08460998535156,
Z178362103,Z25647300X,82.08741760253906,
Z176245508,Z177009407,82.08837890625,
Z167120501,Z158160208,82.0953140258789,
Z18515720X,Z164172903,82.0974349975586,
Z156843801,Z159579501,82.09756469726562,
Z180631800,Z168353709,82.10308837890625,
Z159579501,Z185143704,82.13834381103516,
Z160260500,Z18514390X,82.14599609375,
Z177009407,Z176246604,82.16295623779297,
Z180628606,Z168353801,82.16700744628906,
Z180628606,Z158700100,82.18173217773438,
Z159579604,Z185158008,82.19971466064453,
Z158160208,Z25647300X,82.19998931884766,
Z167120604,Z164172903,82.20055389404297,
Z175034204,Z180631800,82.22382354736328,
Z180628606,Z158160208,82.26025390625,
Z159588009,Z175148507,82.27002716064453,
Z167120501,Z185142001,82.28137969970703,
Z197267901,Z185157107,82.28609466552734,
Z18514390X,Z165780108,82.30046844482422,
Z176245508,Z168353709,82.3281478881836,
Z167120501,Z168354106,82.335205078125,
Z185157909,Z165780108,82.34098052978516,
Z15958790X,Z158160208,82.36404418945312,
Z182822001,Z184929303,82.3691177368164,
Z253367704,Z159579604,82.37100982666016,
Z185157107,Z25647300X,82.38005828857422,
Z168353709,Z176246604,82.38343811035156,
Z253367704,Z185158008,82.39533996582031,
Z180628606,Z168096506,82.40758514404297,
Z253367704,Z184929303,82.4094009399414,
Z25647300X,Z177009407,82.41444396972656,
Z185157107,Z175034204,82.41867065429688,
Z159579501,Z168354106,82.445068359375,
Z184400900,Z168096506,82.4604721069336,
Z159579604,Z184929303,82.4632339477539,
Z186388101,Z185158008,82.46800231933594,
Z165709803,Z175148507,82.47998809814453,
Z25647300X,Z184929303,82.49217224121094,
Z160260500,Z182822001,82.50128173828125,
Z160260500,Z168353709,82.51090240478516,
Z168096506,Z177009407,82.54902648925781,
Z165709803,Z176246604,82.5804672241211,
Z167120604,Z186388101,82.58392333984375,
Z253367704,Z157711400,82.61454772949219,
Z163300909,Z158700100,82.61933135986328,
Z15958790X,Z160260500,82.64389038085938,
Z178362103,Z176246604,82.65174865722656,
Z156771000,Z182822001,82.66619110107422,
Z178362103,Z168354106,82.66964721679688,
Z158700100,Z158160208,82.68243408203125,
Z159579604,Z185143704,82.69393157958984,
Z224270704,Z175148507,82.70366668701172,
Z168096506,Z168091405,82.70793151855469,
Z197267901,Z253367704,82.71649169921875,
Z160260500,Z177009407,82.74451446533203,
Z156771000,Z178362103,82.75021362304688,
Z156771000,Z184400900,82.80319213867188,
Z168354106,Z175148507,82.8038330078125,
Z167120501,Z160260500,82.80445098876953,
Z180628606,Z159579604,82.80451965332031,
Z15958790X,Z185157909,82.80619049072266,
Z184400900,Z185143704,82.80674743652344,
Z25647300X,Z168354106,82.81044006347656,
Z160260500,Z168096506,82.81218719482422,
Z160260500,Z168353801,82.81255340576172,
Z180628606,Z180631800,82.81855773925781,
Z158160208,Z165780108,82.81884002685547,
Z185142001,Z184400900,82.82862091064453,
Z160260500,Z176246604,82.84548950195312,
Z156843801,Z156771000,82.88481140136719,
Z185912505,Z185142207,82.88601684570312,
Z185142001,Z35076705,82.89702606201172,
Z197267901,Z168353709,82.89810180664062,
Z15958790X,Z184929303,82.9111557006836,
Z185157107,Z175148507,82.91426849365234,
Z184400900,Z176246604,82.92704010009766,
Z177009407,Z186388101,82.93923950195312,
Z175148507,Z185143704,82.94196319580078,
Z180631800,Z184140306,82.94795227050781,
Z185157107,Z180631800,82.95199584960938,
Z197267901,Z157711400,82.9538803100586,
Z165709803,Z164172903,82.9607162475586,
Z180631800,Z168353801,82.96202087402344,
Z224270704,Z168096506,82.99931335449219,
Z158700100,Z18514390X,83.01583862304688,
Z180628606,Z186388101,83.02330780029297,
Z159579604,Z168353801,83.14847564697266,
Z185142001,Z25647300X,83.15031433105469,
Z15958790X,Z168096506,83.16153717041016,
Z253367704,Z158160208,83.1623764038086,
Z175034204,Z256474908,83.17073822021484,
Z168354106,Z185158008,83.17510986328125,
Z185157909,Z18515720X,83.18339538574219,
Z165780108,Z185158008,83.1888427734375,
Z15958790X,Z176246604,83.20088958740234,
Z197267901,Z168354106,83.20658874511719,
Z18515720X,Z176246604,83.2197265625,
Z180628606,Z160260500,83.22171783447266,
Z180628606,Z25647300X,83.23348236083984,
Z156843801,Z180628606,83.26669311523438,
Z185912505,Z156771000,83.27371215820312,
Z185142207,Z253367704,83.2955093383789,
Z156771000,Z175148507,83.34304809570312,
Z256474908,Z168091302,83.37035369873047,
Z156843801,Z167120604,83.37397766113281,
Z185142207,Z160260500,83.3900146484375,
Z197267901,Z160260500,83.40188598632812,
Z156771000,Z186388101,83.40361785888672,
Z163300909,Z159579604,83.404052734375,
Z180628606,Z185157107,83.40787506103516,
Z159579604,Z185157107,83.409423828125,
Z185912505,Z15958790X,83.41564178466797,
Z185142001,Z177009407,83.41912841796875,
Z158700100,Z253367704,83.43051147460938,
Z185912505,Z168354106,83.4596176147461,
Z163300909,Z180628606,83.46800231933594,
Z168096506,Z168353801,83.4869155883789,
Z253367704,Z185143704,83.51976776123047,
Z158160208,Z168354106,83.53514862060547,
Z256474908,Z224270704,83.5470962524414,
Z180631800,Z176246604,83.56800079345703,
Z156843801,Z168353709,83.57504272460938,
Z185142001,Z159579604,83.59759521484375,
Z168091302,Z175148507,83.603515625,
Z178362103,Z184929303,83.6178970336914,
Z186388101,Z168091302,83.63347625732422,
Z25647300X,Z168091405,83.67176055908203,
Z160260500,Z185157107,83.68762969970703,
Z168096506,Z168353709,83.70132446289062,
Z184400900,Z25647300X,83.72317504882812,
Z256474908,Z184140306,83.72795867919922,
Z197267901,Z168353801,83.753662109375,
Z197267901,Z165780108,83.78654479980469,
Z156771000,Z160260500,83.82410430908203,
Z167120604,Z185157909,83.83338928222656,
Z175148507,Z168353801,83.8580093383789,
Z224270704,Z186388101,83.86920928955078,
Z163300909,Z176245508,83.87955474853516,
Z159579604,Z185157909,83.9055404663086,
Z186388101,Z184140306,83.91911315917969,
Z184400900,Z184929303,83.91932678222656,
Z175034204,Z175148507,83.94636535644531,
Z160260500,Z159579604,83.99030303955078,
Z163300909,Z159579501,83.99152374267578,
Z185912505,Z253367704,83.9985580444336,
Z156771000,Z185158008,83.99959564208984,
Z168354106,Z176245508,84.05904388427734,
Z168096506,Z164172903,84.091552734375,
Z185912505,Z182822001,84.13147735595703,
Z159588009,Z184929303,84.13671875,
Z158160208,Z185157909,84.1382064819336,
Z156771000,Z185157909,84.1575698852539,
Z185142001,Z253367704,84.1837158203125,
Z159579501,Z158160208,84.20388793945312,
Z15958790X,Z197267901,84.22871398925781,
Z168354106,Z177009407,84.28355407714844,
Z159579604,Z168354106,84.32621002197266,
Z175148507,Z168353709,84.32952117919922,
Z156771000,Z18515720X,84.33027648925781,
Z156843801,Z168353801,84.33171844482422,
Z168091405,Z164172903,84.36420440673828,
Z160260500,Z176245508,84.38272857666016,
Z163300909,Z158160208,84.40217590332031,
Z25647300X,Z185158008,84.40823364257812,
Z184929303,Z157711400,84.42015075683594,reissue
Z185157909,Z175148507,84.42532348632812,
Z156771000,Z168091405,84.43123626708984,
Z156771000,Z164172903,84.48949432373047,
Z165709803,Z185142207,84.49836730957031,
Z178362103,Z159579501,84.5020980834961,
Z170807409,Z256474908,84.50244140625,
Z180631800,Z168354106,84.53248596191406,
Z156771000,Z176245508,84.54177856445312,
Z18515720X,Z168096506,84.54378509521484,
Z167120501,Z185142207,84.5552749633789,
Z167120604,Z184929303,84.56314849853516,reissue
Z158700100,Z25647300X,84.57489013671875,
Z163300909,Z168091405,84.60595703125,
Z168354106,Z18514390X,84.62647247314453,
Z159579501,Z176246604,84.68733978271484,
Z160260500,Z175148507,84.68844604492188,
Z156771000,Z15958790X,84.7058334350586,
Z167120604,Z175148507,84.71309661865234,
Z197267901,Z186388101,84.72032928466797,
Z167120501,Z175148507,84.79788970947266,
Z175148507,Z184140306,84.80113983154297,
Z158700100,Z176246604,84.81422424316406,
Z168096506,Z175148507,84.81526947021484,
Z176246604,Z168353801,84.83811950683594,
Z163300909,Z185158008,84.8625717163086,
Z15958790X,Z178362103,84.92078399658203,
Z185142001,Z168354106,84.92387390136719,
Z185912505,Z167120604,84.94375610351562,
Z185142207,Z164172903,85.01385498046875,
Z185157107,Z168096506,85.076171875,
Z158160208,Z186388101,85.13868713378906,
Z160260500,Z168354106,85.1709213256836,
Z165709803,Z167120604,85.18107604980469,
Z176245508,Z175148507,85.20098876953125,
Z185142001,Z175148507,85.21832275390625,
Z180631800,Z186388101,85.21866607666016,
Z163300909,Z182822001,85.22205352783203,
Z167120501,Z186388101,85.24637603759766,
Z180628606,Z184929303,85.27507781982422,
Z156771000,Z168354106,85.29011535644531,
Z182822001,Z25647300X,85.29286193847656,
Z185157909,Z184929303,85.31232452392578,
Z160260500,Z180631800,85.31682586669922,
Z156843801,Z168354106,85.35169982910156,
Z185912505,Z158700100,85.39811706542969,
Z167120501,Z176246604,85.4378433227539,
Z163300909,Z185912505,85.4395523071289,
Z158160208,Z168096506,85.44022369384766,
Z156843801,Z175148507,85.46251678466797,
Z168091302,Z184929303,85.50225067138672,
Z224270704,Z165780108,85.51009368896484,
Z176246604,Z185143704,85.5438232421875,
Z18515720X,Z25647300X,85.54711151123047,
Z185158008,Z185143704,85.57157135009766,
Z253367704,Z185157107,85.58306121826172,
Z167120501,Z25647300X,85.62806701660156,
Z180631800,Z159579501,85.65953826904297,
Z163300909,Z180631800,85.6614990234375,
Z15958790X,Z175148507,85.66740417480469,
Z180631800,Z165780108,85.66952514648438,
Z186388101,Z185143704,85.67228698730469,
Z156771000,Z253367704,85.75847625732422,
Z159579604,Z167120604,85.8321762084961,
Z156771000,Z185157107,85.8438491821289,
Z160260500,Z167120604,85.88190460205078,
Z180628606,Z185912505,85.91666412353516,
Z184929303,Z175148507,85.92179107666016,
Z156771000,Z165780108,85.9986572265625,
Z180628606,Z175148507,85.99939727783203,
Z185142001,Z176246604,86.00879669189453,
Z175034204,Z184929303,86.02457427978516,
Z25647300X,Z176245508,86.03324890136719,
Z185157107,Z176246604,86.06250762939453,
Z185157909,Z168354106,86.09439086914062,
Z182822001,Z186388101,86.1009292602539,
Z159579604,Z25647300X,86.129638671875,
Z186388101,Z184929303,86.14765167236328,
Z180628606,Z176246604,86.20795440673828,
Z167120604,Z25647300X,86.21246337890625,
Z185142207,Z176246604,86.21381378173828,
Z160260500,Z25647300X,86.26830291748047,
Z160260500,Z184400900,86.271728515625,
Z180628606,Z185142001,86.3320541381836,
Z185157107,Z186388101,86.33377838134766,
Z167120501,Z253367704,86.37118530273438,
Z168096506,Z176246604,86.42265319824219,
Z184929303,Z184140306,86.42855072021484,
Z158700100,Z164172903,86.43180847167969,
Z15958790X,Z253367704,86.43245697021484,
Z156771000,Z25647300X,86.44918823242188,
Z25647300X,Z175148507,86.46131896972656,
Z180628606,Z164172903,86.48886108398438,
Z184929303,Z18514390X,86.49507141113281,
Z185157909,Z186388101,86.54875183105469,
Z182822001,Z185157107,86.57247161865234,
Z185157107,Z159579501,86.57603454589844,
Z175148507,Z185158008,86.58071899414062,
Z165709803,Z184929303,86.59468841552734,
Z160260500,Z164172903,86.68032836914062,
Z253367704,Z168096506,86.69268798828125,
Z184400900,Z256474908,86.70742797851562,
Z176246604,Z168091405,86.76666259765625,
Z185912505,Z175148507,86.77245330810547,
Z156843801,Z186388101,86.82257080078125,
Z182822001,Z176246604,86.83238983154297,
Z185912505,Z184929303,86.8492202758789,
Z163300909,Z185143704,86.86421966552734,
Z185142001,Z159579501,86.9106216430664,
Z167120604,Z176246604,86.95217895507812,
Z165709803,Z256474908,86.96331024169922,
Z167120501,Z156843801,87.02808380126953,
Z176246604,Z185158008,87.03133392333984,
Z159579501,Z164172903,87.06083679199219,
Z156843801,Z184929303,87.06521606445312,
Z197267901,Z176246604,87.10253143310547,
Z159579604,Z164172903,87.16593933105469,
Z178362103,Z160260500,87.27041625976562,
Z163300909,Z167120604,87.27609252929688,
Z168354106,Z186388101,87.28837585449219,
Z182822001,Z159579501,87.29615783691406,
Z156771000,Z176246604,87.30607604980469,
Z186388101,Z176246604,87.36331939697266,
Z256474908,Z165780108,87.43995666503906,
Z163300909,Z15958790X,87.44116973876953,
Z186388101,Z164172903,87.50798034667969,
Z156771000,Z158160208,87.5255126953125,
Z156771000,Z256474908,87.56689453125,
Z256474908,Z186388101,87.58032989501953,
Z185142207,Z15958790X,87.59339141845703,
Z184929303,Z185158008,87.60930633544922,
Z256474908,Z25647300X,87.67633056640625,
Z253367704,Z177009407,87.67701721191406,
Z197267901,Z175148507,87.74565124511719,
Z175148507,Z168091405,87.75450897216797,
Z176246604,Z165780108,87.82849884033203,
Z176246604,Z157711400,87.97228240966797,
Z185142207,Z184929303,88.03990173339844,
Z25647300X,Z186388101,88.04584503173828,
Z182822001,Z159579604,88.08710479736328,
Z163300909,Z186388101,88.08850860595703,
Z185157909,Z176246604,88.12068176269531,
Z180631800,Z184929303,88.14875793457031,
Z184929303,Z185143704,88.16986083984375,
Z256474908,Z177009407,88.18757629394531,
Z163300909,Z156843801,88.21646881103516,
Z159579604,Z256474908,88.2747802734375,
Z253367704,Z186388101,88.2786865234375,
Z159579501,Z25647300X,88.37635040283203,
Z178362103,Z253367704,88.4178466796875,
Z253367704,Z180631800,88.43976593017578,
Z175148507,Z164172903,88.45787811279297,
Z185912505,Z176246604,88.4948959350586,
Z256474908,Z175148507,88.58091735839844,
Z180628606,Z168354106,88.67503356933594,
Z186388101,Z18514390X,88.67643737792969,
Z253367704,Z184400900,88.85272216796875,
Z256474908,Z168354106,88.86170959472656,
Z256474908,Z168096506,88.92402648925781,
Z168096506,Z184929303,88.94104766845703,
Z159579501,Z256474908,88.97513580322266,
Z25647300X,Z168096506,89.05422973632812,
Z163300909,Z175148507,89.13052368164062,
Z167120604,Z158160208,89.19041442871094,
Z159579501,Z167120604,89.19252014160156,
Z186388101,Z168091405,89.27620697021484,
Z163300909,Z178362103,89.42486572265625,
Z197267901,Z256474908,89.44322967529297,
Z253367704,Z165780108,89.47016906738281,
Z253367704,Z175148507,89.5542221069336,
Z163300909,Z168096506,89.56039428710938,
Z18515720X,Z184929303,89.59741973876953,
Z185157107,Z184929303,89.66631317138672,
Z185142001,Z184929303,89.7621078491211,
Z253367704,Z167120604,89.9814453125,
Z163300909,Z167120501,90.1000747680664,
Z185142001,Z186388101,90.10366821289062,
Z158160208,Z184929303,90.3290786743164,
Z15958790X,Z186388101,90.33125305175781,
Z163300909,Z160260500,90.3409652709961,
Z15958790X,Z165780108,90.45777130126953,
Z167120501,Z256474908,90.67718505859375,
Z185142104,Z256474908,90.78949737548828,
Z163300909,Z165709803,90.9231185913086,
Z25647300X,Z165780108,90.98069763183594,
Z168096506,Z176245508,91.03568267822266,
Z176245508,Z186388101,91.03569793701172,
Z185912505,Z256474908,91.09353637695312,
Z176245508,Z184929303,91.13715362548828,
Z175148507,Z176246604,91.31806945800781,
Z176245508,Z176246604,91.33419036865234,
Z197267901,Z184929303,91.83019256591797,
Z253367704,Z182822001,91.927734375,
Z185912505,Z185142001,91.95987701416016,
Z168354106,Z168096506,92.11299133300781,
Z197267901,Z178362103,92.16392517089844,
Z256474908,Z176246604,92.37328338623047,
Z160260500,Z253367704,92.69461822509766,
Z182822001,Z256474908,92.72319793701172,
Z180628606,Z256474908,92.75617218017578,
Z185142207,Z256474908,92.97510528564453,
Z167120604,Z256474908,93.35763549804688,
Z185157107,Z256474908,93.60447692871094,
Z185142001,Z156771000,93.76327514648438,
Z185157909,Z256474908,93.9244155883789,
Z256474908,Z157711400,93.95608520507812,
Z180631800,Z256474908,94.31354522705078,
Z160260500,Z256474908,94.56729888916016,
Z163300909,Z156771000,94.9776611328125,
Z256474908,Z185158008,95.05558776855469,
Z156771000,Z185142207,95.20146942138672,
Z164172903,Z165780108,95.67591857910156,
Z165709803,Z167120501,96.05877685546875,
Z185142001,Z256474908,96.46945190429688,
Z256474908,Z176245508,96.61548614501953,
Z178362103,Z256474908,96.71107482910156,
Z15958790X,Z256474908,97.16134643554688,
Z256474908,Z168091405,97.1614990234375,
Z256474908,Z18514390X,98.5124282836914,
Z256474908,Z185143704,99.06863403320312,
Z156843801,Z256474908,99.2800521850586,
Z175148507,Z18514390X,99.94366455078125,
Z158160208,Z256474908,100.91456604003906,
Z18515720X,Z256474908,106.5330581665039,
